Reaction_id,Condition1,Condition2
EX_cm_e,0.0,-0.0
EX_cmp_e,0.0,0.0
EX_co2_e,0.0,37.67590757146877
EX_cobalt2_e,0.0,0.0
DM_4crsol_c,0.0,0.0001404899998078
DM_5drib_c,0.0,0.0001417499998061
DM_aacald_c,0.0,0.0
DM_amob_c,0.0,1.2599999982768523e-06
DM_mththf_c,0.0,0.000282239999614
EX_colipa_e,0.0,0.0
DM_oxam_c,0.0,0.0
EX_glc__D_e,0.0,0.0
EX_glcn_e,0.0,0.0
BIOMASS_Ec_iJO1366_WT_53p95M,0.0,0.0
EX_glcr_e,0.0,0.0
EX_colipap_e,0.0,0.0
EX_glcur_e,0.0,0.0
EX_glcur1p_e,0.0,0.0
BIOMASS_Ec_iJO1366_core_53p95M,0.0,0.63
EX_12ppd__R_e,0.0,0.0
EX_gln__L_e,0.0,0.0
EX_cpgn_e,0.0,0.0
EX_glu__L_e,0.0,0.0
EX_gly_e,0.0,-0.0
EX_glyald_e,0.0,0.0
EX_glyb_e,0.0,-0.0
EX_glyc_e,0.0,0.0
EX_12ppd__S_e,0.0,0.0
EX_14glucan_e,0.0,-0.0
EX_cpgn_un_e,0.0,0.0
EX_15dap_e,0.0,0.0
EX_glyc__R_e,0.0,0.0
EX_glyc2p_e,0.0,0.0
EX_23camp_e,0.0,0.0
EX_23ccmp_e,0.0,0.0
EX_23cgmp_e,0.0,0.0
EX_23cump_e,0.0,0.0
EX_23dappa_e,0.0,0.0
EX_26dap__M_e,0.0,0.0
EX_glyc3p_e,0.0,0.0
EX_glyclt_e,0.0,0.0
EX_gmp_e,0.0,0.0
EX_gsn_e,0.0,0.0
EX_gthox_e,0.0,-0.0
EX_gthrd_e,0.0,0.0
EX_gtp_e,0.0,0.0
EX_gua_e,0.0,0.0
EX_h_e,0.0,49.78904196820645
EX_h2_e,0.0,0.0
EX_h2o_e,0.0,16.756174153148436
EX_h2o2_e,0.0,-0.0
EX_h2s_e,0.0,0.0
EX_hacolipa_e,0.0,0.0
EX_halipa_e,0.0,0.0
EX_hdca_e,0.0,-0.0
EX_hdcea_e,0.0,-0.0
EX_hg2_e,0.0,-0.0
EX_his__L_e,0.0,0.0
EX_2ddglcn_e,0.0,0.0
EX_34dhpac_e,0.0,0.0
EX_3amp_e,0.0,0.0
EX_3cmp_e,0.0,0.0
EX_3gmp_e,0.0,0.0
EX_3hcinnm_e,0.0,0.0
EX_3hpp_e,0.0,0.0
EX_3hpppn_e,0.0,0.0
EX_hom__L_e,0.0,0.0
EX_hxa_e,0.0,0.0
EX_hxan_e,0.0,0.0
EX_idon__L_e,0.0,6.794195513290135
EX_3ump_e,0.0,0.0
EX_4abut_e,0.0,0.0
EX_4hoxpacd_e,0.0,0.0
EX_5dglcn_e,0.0,0.0
EX_5mtr_e,0.0,0.0
EX_LalaDglu_e,0.0,0.0
EX_ile__L_e,0.0,0.0
EX_imp_e,0.0,0.0
EX_indole_e,0.0,0.0
EX_inost_e,0.0,0.0
EX_ins_e,0.0,0.0
EX_isetac_e,0.0,0.0
EX_k_e,0.0,0.0
EX_LalaDgluMdap_e,0.0,0.0
EX_LalaDgluMdapDala_e,0.0,0.0
EX_LalaLglu_e,0.0,0.0
EX_kdo2lipid4_e,0.0,0.0
EX_ac_e,0.0,64.91197415663692
EX_crn_e,0.0,-0.0
EX_acac_e,0.0,0.0
EX_acald_e,0.0,0.0
EX_lac__D_e,0.0,0.0
EX_lac__L_e,0.0,0.0
EX_crn__D_e,0.0,-0.0
EX_lcts_e,0.0,0.0
EX_acgal_e,0.0,0.0
EX_acgal1p_e,0.0,0.0
EX_acgam_e,0.0,0.0
EX_leu__L_e,0.0,0.0
EX_csn_e,0.0,0.0
EX_acgam1p_e,0.0,0.0
EX_acmana_e,0.0,0.0
EX_acmum_e,0.0,-0.0
EX_lipa_e,0.0,0.0
EX_cu_e,0.0,0.0
EX_lipa_cold_e,0.0,0.0
EX_acnam_e,0.0,0.0
EX_acolipa_e,0.0,0.0
EX_cu2_e,0.0,0.0
EX_acser_e,0.0,0.0
EX_ade_e,0.0,0.0
EX_adn_e,0.0,0.0
EX_adocbl_e,0.0,-0.0
EX_ag_e,0.0,-0.0
EX_lipoate_e,0.0,0.0
EX_lys__L_e,0.0,0.0
EX_lyx__L_e,0.0,0.0
EX_mal__D_e,0.0,0.0
EX_agm_e,0.0,0.0
EX_akg_e,0.0,0.0
EX_cyan_e,0.0,0.0
EX_ala_B_e,0.0,0.0
EX_ala__D_e,0.0,0.0
EX_ala__L_e,0.0,-0.0
EX_alaala_e,0.0,0.0
EX_all__D_e,0.0,0.0
EX_alltn_e,0.0,0.0
EX_amp_e,0.0,0.0
EX_anhgm_e,0.0,0.0
EX_arab__L_e,0.0,0.0
EX_mal__L_e,0.0,0.0
EX_malt_e,0.0,-0.0
EX_malthx_e,0.0,-0.0
EX_maltpt_e,0.0,-0.0
EX_malttr_e,0.0,-0.0
EX_maltttr_e,0.0,-0.0
EX_man_e,0.0,0.0
EX_cynt_e,0.0,0.0
EX_man6p_e,0.0,0.0
EX_manglyc_e,0.0,0.0
EX_melib_e,0.0,0.0
EX_cys__D_e,0.0,0.0
EX_meoh_e,0.0,1.2599999982768523e-06
EX_met__D_e,0.0,-0.0
EX_arbt_e,0.0,-0.0
EX_arbtn_e,0.0,0.0
EX_arbtn_fe3_e,0.0,0.0
EX_met__L_e,0.0,0.0
EX_cys__L_e,0.0,0.0
EX_metsox_R__L_e,0.0,0.0
EX_metsox_S__L_e,0.0,0.0
EX_mg2_e,0.0,0.0
EX_mincyc_e,0.0,-0.0
EX_minohp_e,0.0,-0.0
EX_mmet_e,0.0,0.0
EX_arg__L_e,0.0,0.0
EX_ascb__L_e,0.0,0.0
EX_asn__L_e,0.0,0.0
EX_aso3_e,0.0,-0.0
EX_asp__L_e,0.0,0.0
EX_btn_e,0.0,0.0
EX_but_e,0.0,0.0
EX_mn2_e,0.0,0.0
EX_mnl_e,0.0,0.0
EX_mobd_e,0.0,0.0
EX_mso3_e,0.0,0.0
EX_n2o_e,0.0,0.0
EX_na1_e,0.0,0.0
EX_nac_e,0.0,0.0
EX_nh4_e,0.0,0.0
EX_butso3_e,0.0,0.0
EX_ca2_e,0.0,0.0
EX_cbi_e,0.0,-0.0
EX_cytd_e,0.0,0.0
EX_cbl1_e,0.0,0.0
EX_cd2_e,0.0,-0.0
EX_cgly_e,0.0,0.0
EX_ni2_e,0.0,0.0
EX_nmn_e,0.0,0.0
EX_no_e,0.0,0.0
EX_no2_e,0.0,0.0
EX_no3_e,0.0,0.0
EX_novbcn_e,0.0,-0.0
EX_o16a4colipa_e,0.0,-0.0
EX_o2_e,0.0,0.0
EX_o2s_e,0.0,-0.0
EX_ocdca_e,0.0,-0.0
EX_ocdcea_e,0.0,-0.0
EX_octa_e,0.0,0.0
EX_orn_e,0.0,0.0
EX_orot_e,0.0,0.0
EX_pacald_e,0.0,0.0
EX_peamn_e,0.0,0.0
EX_phe__L_e,0.0,0.0
EX_pheme_e,0.0,0.0
EX_chol_e,0.0,0.0
EX_chtbs_e,0.0,0.0
EX_cit_e,0.0,0.0
EX_cl_e,0.0,0.0
EX_pi_e,0.0,0.0
EX_dad_2_e,0.0,0.0
EX_pnto__R_e,0.0,0.0
EX_ppa_e,0.0,0.0
EX_damp_e,0.0,0.0
EX_ppal_e,0.0,0.0
EX_dca_e,0.0,0.0
EX_pppn_e,0.0,0.0
EX_ppt_e,0.0,0.0
EX_dcmp_e,0.0,0.0
EX_pro__L_e,0.0,0.0
EX_dcyt_e,0.0,0.0
EX_progly_e,0.0,0.0
EX_psclys_e,0.0,0.0
EX_ddca_e,0.0,-0.0
EX_pser__L_e,0.0,0.0
EX_ptrc_e,0.0,0.0
EX_dgmp_e,0.0,0.0
EX_dgsn_e,0.0,0.0
EX_val__L_e,0.0,0.0
EX_xan_e,0.0,-0.0
EX_dha_e,0.0,16.481605766197013
EX_xmp_e,0.0,0.0
EX_dimp_e,0.0,0.0
EX_din_e,0.0,0.0
EX_xtsn_e,0.0,0.0
EX_pydam_e,0.0,0.0
EX_xyl__D_e,0.0,0.0
EX_xylu__L_e,0.0,0.0
EX_zn2_e,0.0,0.0
12DGR120tipp,0.0,0.0
12DGR140tipp,0.0,0.0
12DGR141tipp,0.0,0.0
12DGR160tipp,0.0,0.0
12DGR161tipp,0.0,0.0
12DGR180tipp,0.0,0.0
EX_pydx_e,0.0,0.0
EX_pydxn_e,0.0,0.0
EX_pyr_e,0.0,0.0
EX_quin_e,0.0,0.0
EX_r5p_e,0.0,0.0
EX_rfamp_e,0.0,-0.0
EX_rib__D_e,0.0,0.0
EX_rmn_e,0.0,0.0
EX_sbt__D_e,0.0,0.0
EX_sel_e,0.0,0.0
EX_ser__D_e,0.0,0.0
EX_ser__L_e,0.0,0.0
EX_skm_e,0.0,0.0
12DGR181tipp,0.0,0.0
12PPDRtex,0.0,0.0
12PPDRtpp,0.0,0.0
EX_dms_e,0.0,0.0
12PPDStex,0.0,0.0
12PPDStpp,0.0,0.0
14GLUCANabcpp,0.0,0.0
EX_slnt_e,0.0,0.0
EX_so2_e,0.0,-0.0
EX_so3_e,0.0,0.0
EX_dmso_e,0.0,0.0
EX_so4_e,0.0,0.0
EX_spmd_e,0.0,0.0
EX_succ_e,0.0,0.0
14GLUCANtexi,0.0,0.0
23CAMPtex,0.0,0.0
23CCMPtex,0.0,0.0
EX_sucr_e,0.0,0.0
EX_sulfac_e,0.0,0.0
23CGMPtex,0.0,0.0
EX_tartr__D_e,0.0,0.0
23CUMPtex,0.0,0.0
EX_dopa_e,0.0,0.0
23DAPPAt2pp,0.0,0.0
23DAPPAtex,0.0,0.0
23PDE2pp,0.0,0.0
23PDE4pp,0.0,0.0
EX_tartr__L_e,0.0,0.0
EX_taur_e,0.0,0.0
EX_tcynt_e,0.0,0.0
23PDE7pp,0.0,0.0
23PDE9pp,0.0,0.0
EX_doxrbcn_e,0.0,-0.0
26DAHtex,0.0,0.0
2AGPA120tipp,0.0,0.0
EX_thm_e,0.0,0.0
EX_thr__L_e,0.0,0.0
EX_dtmp_e,0.0,0.0
EX_thrp_e,0.0,0.0
2AGPA140tipp,0.0,6.94901743207075
2AGPA141tipp,0.0,0.0
EX_thym_e,0.0,0.0
EX_dump_e,0.0,0.0
EX_thymd_e,0.0,0.0
2AGPA160tipp,0.0,0.0
2AGPA161tipp,0.0,0.0804056399995515
EX_tma_e,0.0,0.0
EX_duri_e,0.0,0.0
EX_tmao_e,0.0,0.0
EX_tre_e,0.0,0.0
EX_trp__L_e,0.0,0.0
2AGPA180tipp,0.0,0.0
2AGPA181tipp,0.0,0.0
2AGPE120tipp,0.0,0.0
2AGPE140tipp,0.0,0.0
2AGPE141tipp,0.0,0.0
2AGPE160tipp,0.0,0.0
EX_tsul_e,0.0,0.0
EX_eca4colipa_e,0.0,0.0
EX_ttdca_e,0.0,-0.0
2AGPE161tipp,0.0,0.0
2AGPE180tipp,0.0,0.0
2AGPE181tipp,0.0,0.0
2AGPEAT120,0.0,0.0
EX_ttdcea_e,0.0,-0.0
EX_enlipa_e,0.0,0.0
2AGPEAT140,0.0,0.0
2AGPEAT141,0.0,0.0
2AGPEAT160,0.0,0.0
EX_ttrcyc_e,0.0,-0.0
EX_enter_e,0.0,0.0
2AGPEAT161,0.0,0.0
EX_etha_e,0.0,0.0
2AGPEAT180,0.0,0.0
2AGPEAT181,0.0,0.0
EX_tungs_e,0.0,0.0
EX_tym_e,0.0,0.0
2AGPG120tipp,0.0,0.0
EX_ethso3_e,0.0,0.0
2AGPG140tipp,0.0,0.0
2AGPG141tipp,0.0,0.0
2AGPG160tipp,0.0,0.0
2AGPG161tipp,0.0,0.0
EX_tyr__L_e,0.0,0.0224230523385758
EX_tyrp_e,0.0,0.0
EX_uacgam_e,0.0,0.0
EX_udpacgal_e,0.0,0.0
EX_udpg_e,0.0,0.0
2AGPG180tipp,0.0,0.0
2AGPG181tipp,0.0,0.0
2AGPGAT120,0.0,0.0
EX_udpgal_e,0.0,0.0
EX_etoh_e,0.0,0.0
EX_udpglcur_e,0.0,0.0
2AGPGAT140,0.0,0.0
2AGPGAT141,0.0,0.0
2AGPGAT160,0.0,0.0
2AGPGAT161,0.0,0.0
EX_ump_e,0.0,0.0
2AGPGAT180,0.0,0.0
EX_f6p_e,0.0,0.0
2AGPGAT181,0.0,0.0
EX_ura_e,0.0,0.0
2DGULRGx,0.0,0.0
EX_urea_e,0.0,0.0
2DGULRGy,0.0,0.0
EX_fald_e,0.0,0.0
2DGULRx,0.0,0.0
2DGULRy,0.0,0.0
EX_uri_e,0.0,0.0
2MAHMP,0.0,0.0
34dhpactex,0.0,0.0
EX_fe2_e,0.0,0.0
3AMACHYD,0.0,0.0
3AMPtex,0.0,0.0
3CMPtex,0.0,0.0
3GMPtex,0.0,0.0
EX_fe3_e,0.0,0.0
3HAD100,0.0,0.224204399998058
EX_fe3dcit_e,0.0,-0.0
3HAD120,0.0,0.2242043999980625
5DOAN,0.0,0.0001417499998061
EX_fe3dhbzs_e,0.0,-0.0
5MTRtex,0.0,0.0
5MTRtpp,0.0,0.0
3HAD121,0.0,0.0
3HAD140,0.0,0.1751752799990864
A5PISO,0.0,0.0245145599994884
EX_fe3hox_e,0.0,0.0
AACPS1,0.0,13.722859584142416
AACPS2,0.0,0.1751752799990851
3HAD141,0.0,0.0
EX_fe3hox_un_e,0.0,0.0
AACPS3,0.0,0.0804056399995515
AACPS4,0.0,0.0804056399995515
AACPS5,0.0,22.233607559229387
3HAD160,0.0,0.0
AACPS6,0.0,0.0
EX_fecrm_e,0.0,0.0
AACPS7,0.0,0.0
3HAD161,0.0,0.1751752799990851
AACPS8,0.0,0.0
EX_fecrm_un_e,0.0,0.0
AACPS9,0.0,0.0
3HAD180,0.0,0.0
3HAD181,0.0,0.0
AACTOOR,0.0,0.0
AADDGT,0.0,0.0
AAMYL,0.0,0.0
AAMYLpp,0.0,0.0
AB6PGH,0.0,0.0
ABTA,0.0,0.0
ABUTD,0.0,0.0
3HAD40,0.0,0.2242043999980625
3HAD60,0.0,0.2242043999980625
3HAD80,0.0,0.2242043999980625
3HCINNMH,0.0,0.0
3HPPPNH,0.0,0.0
ABUTt2pp,0.0,0.0
EX_feenter_e,0.0,0.0
ABUTtex,0.0,0.0
3HPPtex,0.0,0.0
3HPPtpp,0.0,0.0
ACACCT,0.0,0.0
ACACT1r,0.0,0.0
3KGK,0.0,0.0
ACACT2r,0.0,0.0
EX_feoxam_e,0.0,0.0
ACACT3r,0.0,0.0
ACACT4r,0.0,0.0
3NTD2pp,0.0,0.0
3NTD4pp,0.0,0.0
EX_feoxam_un_e,0.0,0.0
ACACT5r,0.0,0.0
EX_for_e,0.0,38.06186308594737
ACACT6r,0.0,0.0
3NTD7pp,0.0,0.0
3NTD9pp,0.0,0.0
EX_fru_e,0.0,0.0
3OAR100,0.0,0.224204399998058
ACACT7r,0.0,0.0
EX_frulys_e,0.0,0.0
ACACT8r,0.0,0.0
ACACt2pp,0.0,0.0
ACACtex,0.0,0.0
3OAR120,0.0,0.2242043999980625
3OAR121,0.0,0.0
3OAR140,0.0,0.2242043999980625
ACALD,0.0,0.0
3OAR141,0.0,0.0
EX_fruur_e,0.0,0.0
3OAR160,0.0,0.0
ACALDtex,0.0,0.0
EX_fuc__L_e,0.0,0.0
3OAR161,0.0,0.1751752799990851
EX_fum_e,0.0,0.0
ACALDtpp,0.0,0.0
3OAR180,0.0,0.0
EX_fusa_e,0.0,-0.0
ACANTHAT,0.0,0.0
3OAR181,0.0,0.0
ACBIPGT,0.0,0.0
EX_g1p_e,0.0,0.0
ACCOAC,0.0,1.5204054599874557
3OAR40,0.0,0.2242043999980625
EX_g3pc_e,0.0,0.0
3OAR60,0.0,0.2242043999980625
ACCOAL,0.0,0.0
ACGAL1PPpp,0.0,0.0
3OAR80,0.0,0.2242043999980625
EX_g3pe_e,0.0,0.0
ACGAL1Ptex,0.0,0.0
ACGALtex,0.0,0.0
ACGAM1PPpp,0.0,0.0
3OAS100,0.0,0.224204399998058
ACGAM1Ptex,0.0,0.0
ACGAMK,0.0,0.0
ACGAMT,0.0,0.0
3OAS120,0.0,0.2242043999980625
3OAS121,0.0,0.0
3OAS140,0.0,0.2242043999980625
ACGAptspp,0.0,0.0
EX_g3pg_e,0.0,0.0
ACGAtex,0.0,0.0
ACGK,0.0,0.3606395136708186
ACGS,0.0,0.3606395136708186
3OAS141,0.0,0.0
3OAS160,0.0,0.0
3OAS161,0.0,0.1751752799990851
ACHBS,0.0,0.1830332699992141
EX_g3pi_e,0.0,0.0
3OAS180,0.0,0.0
ACKr,0.0,0.0
EX_g3ps_e,0.0,0.0
ACLS,0.0,0.5507894700004885
ACM6PH,0.0,0.0
ACMAMUT,0.0,0.0
3OAS181,0.0,0.0
EX_g6p_e,0.0,0.0
3OAS60,0.0,0.2242043999980625
ACMANAptspp,0.0,0.0
EX_gal_e,0.0,0.0
ACMANAtex,0.0,0.0
ACMUMptspp,0.0,0.0
3OAS80,0.0,0.2242043999980625
3OXCOAT,0.0,0.0
ACMUMtex,0.0,0.0
EX_gal_bD_e,0.0,0.0
ACNAMt2pp,0.0,0.0
3PEPTabcpp,0.0,0.0
3PEPTtex,0.0,0.0
3UMPtex,0.0,0.0
EX_gal1p_e,0.0,0.0
42A12BOOXpp,0.0,0.0
ACNAMtex,0.0,0.0
ACNML,0.0,0.0
ACOAD1f,0.0,0.0
4HOXPACDtex,0.0,0.0
4HTHRS,0.0,0.0
ACOAD2f,0.0,0.0
EX_galct__D_e,0.0,0.0
ACOAD3f,0.0,0.0
ACOAD4f,0.0,0.0
4PCP,0.0,0.0
4PCPpp,0.0,0.0
ACOAD5f,0.0,0.0
4PEPTabcpp,0.0,0.0
EX_galctn__D_e,0.0,0.0
4PEPTtex,0.0,0.0
5DGLCNR,0.0,0.0
ACOAD6f,0.0,0.1751752799990846
ACOAD7f,0.0,0.0
ACOAD8f,0.0,0.0
ACOATA,0.0,0.0
5DGLCNt2rpp,0.0,0.0
5DGLCNtex,0.0,0.0
ACODA,0.0,0.2213748636708458
EX_galctn__L_e,0.0,0.0
ACOLIPAabctex,0.0,0.0
ACONIs,0.0,0.0
EX_galt_e,0.0,0.0
ACONMT,0.0,0.0
ACONTa,0.0,1.2070174021240154
ACONTb,0.0,1.2070174021240154
ACOTA,0.0,0.0
ACPPAT120,0.0,0.0
AGM4PCPpp,0.0,0.0
AGM4PH,0.0,0.0
AGM4Pt2pp,0.0,0.0
AGMH,0.0,0.0
ACPPAT140,0.0,0.0
EX_galur_e,0.0,-0.0
ACPPAT141,0.0,0.0
ACPPAT160,0.0,0.0402028199997757
AGMHE,0.0,0.0
AGMT,0.0,0.0
ACPPAT161,0.0,0.1277904599993183
AGMt2pp,0.0,0.0
EX_gam_e,0.0,0.0
AGMtex,0.0,0.0
ACPPAT180,0.0,0.0
ACPPAT181,0.0,22.233607559229387
ACPS1,0.0,0.0
AGPAT120,0.0,0.0
AGPAT140,0.0,6.949017432070751
EX_gam6p_e,0.0,0.0
ACS,0.0,0.0
ACSERtex,0.0,0.0
AGPAT141,0.0,0.0
EX_gbbtn_e,0.0,-0.0
ACSERtpp,0.0,0.0
AGPAT160,0.0,0.0402028199997757
EX_gdp_e,0.0,0.0
AGPAT161,0.0,0.1277904599993183
AGPAT180,0.0,0.0
AGPAT181,0.0,0.0
AGPR,0.0,0.0
ACt2rpp,0.0,0.0
ACt4pp,0.0,0.0
ACtex,0.0,0.0
ADA,0.0,0.0
ADCL,0.0,0.0004214699994236
AGt3,0.0,0.0
AHCYSNS,0.0,0.000282239999614
ADCS,0.0,0.0004214699994236
AICART,0.0,0.3419343900005376
AMALT3,0.0,0.0
AIRC2,0.0,0.2822494500005266
AIRC3,0.0,0.0
AKGDH,0.0,0.0
AKGt2rpp,0.0,0.0
AKGtex,0.0,0.0
ALAALAD,0.0,0.0
ALAALAabcpp,0.0,0.0
ADD,0.0,0.0
ADEt2rpp,0.0,0.0
ADEtex,0.0,0.0
ADK1,0.0,52.63211156378776
ADK3,0.0,0.0
ADK4,0.0,0.0
ADMDC,0.0,0.0
ADNCYC,0.0,0.0003274999991731
ADNK1,0.0,0.0
ALAALAr,0.0,0.01750644
ALAALAtex,0.0,0.0
ALAGLUE,0.0,0.0
ALAR,0.0,0.0262596600002214
ADNUC,0.0,0.0
ADNt2pp_copy1,0.0,0.0
ADNt2pp_copy2,0.0,0.0
ADNtex,0.0,0.0
ADOCBIK,0.0,0.0
ADOCBLS,0.0,0.0
ALATA_D2,0.0,0.0
ALATA_L,0.0,0.0
ALATA_L2,0.0,0.0
ALATRS,0.0,0.0
ALAabcpp,0.0,0.0
ALAt2pp_copy1,0.0,0.0
ADOCBLabcpp,0.0,0.0
ADOCBLtonex,0.0,0.0
ALAt2pp_copy2,0.0,0.0
AMALT4,0.0,0.0
ALAt4pp,0.0,0.0
ALAtex,0.0,0.0
ALCD19,0.0,0.0
ALCD2x,0.0,0.0
ADPRDP,0.0,0.0
ADPT,0.0,0.0004239899994201
ADSK,0.0,0.156159360000597
ADSL1r,0.0,0.1883933100011106
ADSL2r,0.0,0.2822494500005266
ADSS,0.0,0.188393310001114
AGDC,0.0,0.0
ALDD19xr,0.0,0.0
ALDD2x,0.0,0.0
AMANAPEr,0.0,0.0
ALDD2y,0.0,11.143643217967885
ALDD3y,0.0,0.0
ALDD4,0.0,0.0
AGM3PA,0.0,0.0
AGM3PApp,0.0,0.0
AGM3PH,0.0,0.0
AGM3Pt2pp,0.0,0.0
AGM4PA,0.0,0.0
ALLK,0.0,0.0
ALLPI,0.0,0.0
ALLTAMH,0.0,0.0
ALLTN,0.0,0.0
ALLTNt2rpp,0.0,0.0
AGM4PApp,0.0,0.0
AGM4PCP,0.0,0.0
ALLTNtex,0.0,0.0
AMANK,0.0,0.0
ALLULPE,0.0,0.0
AMAOTr,0.0,1.2599999982768523e-06
ALLabcpp,0.0,0.0
ALLtex,0.0,0.0
AMMQLT8,0.0,0.0
ALPATE160pp,0.0,0.0
ASCBptspp,0.0,0.0
ASCBtex,0.0,0.0
ALPATG160pp,0.0,0.0
AMPMS2,0.0,0.0001404899998078
ALR2,0.0,0.0
ALR4x,0.0,0.0
ASNN,0.0,0.0
ASNNpp,0.0,0.0
AMPN,0.0,0.0
ASNS1,0.0,0.0
ALTRH,0.0,0.0
AM3PA,0.0,0.0
ASNS2,0.0,0.15186465
AMPTASECG,0.0,0.0
AM4PA,0.0,0.0
ASNTRS,0.0,0.0
AM4PCP,0.0,0.0
AMALT1,0.0,0.0
ASNabcpp,0.0,0.0
ASNt2rpp,0.0,0.0
ASNtex,0.0,0.0
AMALT2,0.0,0.0
ASO3t8pp,0.0,0.0
AMPTASEPG,0.0,0.0
ASO3tex,0.0,0.0
ASP1DC,0.0,0.0003628800004547
AMPtex,0.0,0.0
ASPCT,0.0,0.2084008499997689
ANHGMtex,0.0,0.0
ASPK,0.0,3.9174759617958985
ASPO3,0.0,0.0
ANHMK,0.0,0.0
ASPO4,0.0,0.0
ASPO5,0.0,0.0
ANPRT,0.0,0.03581109
ASPO6,0.0,0.0014351399999981
ANS,0.0,0.03581109
AOBUTDs,0.0,0.0
AOXSr2,0.0,1.2599999982768523e-06
ASPT,0.0,0.0
CAT,0.0,0.0
ASPTA,0.0,0.0
AP4AH,0.0,0.0
ASPTRS,0.0,0.0
CAt6pp,0.0,0.0
CBIAT,0.0,0.0
AP4AS,0.0,0.0
CBItonex,0.0,0.0
AP5AH,0.0,0.0
CBIuabcpp,0.0,0.0
ASPabcpp,0.0,0.0
ASPt2_2pp,0.0,0.0
ASPt2_3pp,0.0,0.0
ASPt2pp_copy1,0.0,0.0
CBL1abcpp,0.0,0.0
CBL1tonex,0.0,0.0
APCS,0.0,0.0
CBLAT,0.0,0.0
CBMD,0.0,0.0
CBMKr,0.0,0.4297757136706147
CBPS,0.0,0.0
ASPt2pp_copy2,0.0,0.0
ASPtex,0.0,0.0
ASR,0.0,0.0
AST,0.0,0.0350259036708457
ATHRDHr,0.0,0.0
ATPHs,0.0,0.0
ATPM,0.0,8.39
CCGS,0.0,0.0
CD2abcpp,0.0,0.0
CD2t3pp,0.0,0.0
CD2tex,0.0,0.0
ATPPRT,0.0,0.059684940000011
APG3PAT120,0.0,0.0
ATPS4rpp,0.0,102.95469076545125
BALAt2pp,0.0,0.0
BALAtex,0.0,0.0
BETALDHx,0.0,0.0
CD2tpp,0.0,0.0
CDAPPA120,0.0,0.0
CDAPPA140,0.0,0.0
CDAPPA141,0.0,0.0
CDAPPA160,0.0,0.0
CDAPPA161,0.0,0.0
CDAPPA180,0.0,0.0
CDAPPA181,0.0,0.0
CDGR,0.0,0.0
BETALDHy,0.0,0.0
BMOCOS,0.0,7.685999999999804e-05
BMOGDS1,0.0,7.685999999999804e-05
BMOGDS2,0.0,7.685999999999804e-05
BPNT,0.0,0.156159360000597
BSORx,0.0,0.0
BSORy,0.0,0.0
CDGS,0.0,0.0
CDPMEK,0.0,0.0015050699979417
BTNt2ipp,0.0,0.0
APG3PAT140,0.0,0.0
BTNtex,0.0,0.0
BTS5,0.0,1.26e-06
BUTCT,0.0,0.0
CFAS160E,0.0,0.0
CFAS160G,0.0,0.0
CFAS180E,0.0,0.0
BUTSO3abcpp,0.0,0.0
BUTSO3tex,0.0,0.0
CFAS180G,0.0,0.0
APG3PAT141,0.0,0.0
CGLYabcpp,0.0,0.0
CGLYtex,0.0,0.0
CHLabcpp,0.0,0.0
CHLt2pp,0.0,0.0
CHLtex,0.0,0.0
BUTt2rpp,0.0,0.0
BUTtex,0.0,0.0
BWCOGDS1,0.0,0.0
BWCOGDS2,0.0,0.0
BWCOS,0.0,0.0
CA2t3pp,0.0,0.0
CA2tex,0.0,0.0032791500000257
CADVtpp,0.0,0.0
CHOLD,0.0,0.0
CHORM,0.0,0.226154972338303
CHORS,0.0,0.2625280223375345
CHRPL,0.0,0.0001404899998078
CHTBSptspp,0.0,0.0
CHTBStex,0.0,0.0
CINNDO,0.0,0.0
CITL,0.0,0.0
CLt3_2pp,0.0,0.001639575
CITt3pp,0.0,0.0
APG3PAT160,0.0,0.0402028199997757
CITt7pp,0.0,0.0
CITtex,0.0,0.0
CLtex,0.0,0.0032791500000257
CMPN,0.0,0.0
CMPtex,0.0,0.0
CLIPAabctex,0.0,0.0
APG3PAT161,0.0,0.1277904599993183
CLPNH120pp,0.0,0.0
CLPNH140pp,0.0,6.94901743207075
CLPNH141pp,0.0,0.0
CMtex,0.0,0.0
CMtpp,0.0,0.0
CO2tex,0.0,0.0
CLPNH160pp,0.0,0.0
CO2tpp,0.0,0.0
COBALT2abcpp,0.0,0.0
COBALT2t3pp,0.0,0.0
COBALT2tex,0.0,1.575e-05
CLPNH161pp,0.0,0.0804056399995515
CLPNH180pp,0.0,0.0
CLPNH181pp,0.0,0.0
CLPNS120pp,0.0,0.0
CLPNS140pp,0.0,6.94901743207075
COBALT2tpp,0.0,1.575e-05
APG3PAT180,0.0,0.0
COLIPAKpp,0.0,0.0
CLPNS141pp,0.0,0.0
CLPNS160pp,0.0,0.0
APG3PAT181,0.0,0.0
CLPNS161pp,0.0,0.0804056399995515
COLIPAPabctex,0.0,0.0
COLIPAabcpp,0.0,0.0
APH120,0.0,0.0
COLIPAabctex,0.0,0.0
CLPNS180pp,0.0,0.0
APH140,0.0,0.0
CLPNS181pp,0.0,0.0
CPGNR1,0.0,0.0
APH141,0.0,0.0
APH160,0.0,0.0
CPGNR2,0.0,0.0
CPGNR3,0.0,0.0
APH161,0.0,0.0
CYANSTpp,0.0,0.0
CPGNUtex,0.0,0.0
APH180,0.0,0.0
APH181,0.0,22.233607559229387
CPGNUtpp,0.0,0.0
APPLDHr,0.0,0.0
CPGNabcpp,0.0,0.0
CPGNexs,0.0,0.0
CPGNtonex,0.0,0.0
CPH4S,0.0,0.0
CPMPS,0.0,0.0001537200000001
CYANtex,0.0,0.0
CYNTAH,0.0,0.0
CYNTt2pp,0.0,0.0
CYNTtex,0.0,0.0
CYSDDS,0.0,0.0
CYSDS,0.0,0.0
CYSDabcpp,0.0,0.0
CYSDtex,0.0,0.0
CYSS,0.0,0.156159360000597
CYSSADS,0.0,0.0
CPPPGO,0.0,0.0001404899999391
CPPPGO2,0.0,0.0
CRNBTCT,0.0,0.0
CRNCAL2,0.0,0.0
CRNCAR,0.0,0.0
CRNCBCT,0.0,0.0
CYSTL,0.0,0.0969639300003344
APRAUR,0.0,0.0002809799996157
CYSTRS,0.0,0.0
CYSabc2pp,0.0,0.0
CRNCDH,0.0,0.0
CRNDCAL2,0.0,0.0
ARAI,0.0,0.0
CRNDabcpp,0.0,0.0
CYSabcpp,0.0,0.0
CYStex,0.0,0.0
ARBTNR1,0.0,0.0
CYStpp,0.0,0.0
CYTBD2pp,0.0,0.0
CYTBDpp,0.0,0.0
CYTBO3_4pp,0.0,72.35244342987386
CYTD,0.0,0.0
CRNDt2rpp,0.0,0.0
CRNDtex,0.0,0.0
CRNabcpp,0.0,0.0
CRNt2rpp,0.0,0.0
CRNt7pp,0.0,0.0
CYTDH,0.0,0.0
CRNt8pp,0.0,0.0
CYTDK2,0.0,1.3610759468844265
ARBTNR2,0.0,0.0
CYTDt2pp_copy1,0.0,0.0
CRNtex,0.0,0.0
CS,0.0,1.2070174021240154
CSND,0.0,0.0
CYTDt2pp_copy2,0.0,0.0
CYTDtex,0.0,0.0
CSNt2pp,0.0,0.0
ARBTNR3,0.0,0.0
CSNtex,0.0,0.0
CTBTCAL2,0.0,0.0
CTBTabcpp,0.0,0.0
CYTK1,0.0,7.143393222067728
CYTK2,0.0,0.0
D_LACt2pp,0.0,0.0
D_LACtex,0.0,0.0
CTBTt2rpp,0.0,0.0
CTECOAI6,0.0,0.0
ARBTNabcpp,0.0,0.0
CTECOAI7,0.0,0.0804056399995515
CTECOAI8,0.0,0.0
DAAD,0.0,0.0
DADA,0.0,0.0
DADK,0.0,0.0
DADNt2pp,0.0,0.0
DADNtex,0.0,0.0
DAGK120,0.0,0.0
CTPS2,0.0,0.1400259392359223
CU1Opp,0.0,0.0
CU1abcpp,0.0,0.0
CU2abcpp,0.0,0.0
CU2tex,0.0,0.0004466700000001
DAGK140,0.0,0.0
ARBTNexs,0.0,0.0
DAGK141,0.0,0.0
DAGK160,0.0,0.0
CU2tpp,0.0,0.0004466700000001
CUt3,0.0,0.0
CUtex,0.0,0.0
DAGK161,0.0,0.0
ARBTNtex,0.0,0.0
DAGK180,0.0,0.0
DAGK181,0.0,0.0
CYANST,0.0,0.0
DALAt2pp,0.0,0.00875322
ARBTNtonex,0.0,0.0
DALAtex,0.0,0.0
DAMPtex,0.0,0.0
DCYTt2pp,0.0,0.0
ARBTNtpp,0.0,0.0
DCYTtex,0.0,0.0
DDCAtexi,0.0,0.0
DAPAL,0.0,0.0
DAPDC,0.0,0.21619143
DAPE,0.0,0.2336978699999825
DAPabcpp,0.0,0.0
DDGALK,0.0,0.0
DDGLCNt2rpp,0.0,0.0
DDGLCNtex,0.0,0.0
DDGLK,0.0,0.0
DDPA,0.0,0.2625280223375345
DAPtex,0.0,0.0
DASYN120,0.0,0.0
DASYN140,0.0,6.949017432070751
DASYN141,0.0,0.0
DASYN160,0.0,0.0402028199997757
DDPGALA,0.0,0.0
DGK1,0.0,0.0
DGMPtex,0.0,0.0
DASYN161,0.0,0.1277904599993183
ARBTptspp,0.0,0.0
DASYN180,0.0,0.0
DASYN181,0.0,0.0
DGSNt2pp,0.0,0.0
DGSNtex,0.0,0.0
DHACOAH,0.0,0.0
DATPHs,0.0,0.0
DB4PS,0.0,0.0005619599992314
DHAD1,0.0,0.5507894700004885
ARBTtex,0.0,0.0
DHAD2,0.0,0.1830332699992141
DHAPT,0.0,0.0
DBTS,0.0,1.2599999982768523e-06
DC6PH,0.0,0.0
DCAtex,0.0,0.0
DHAtex,0.0,0.0
ARBabcpp,0.0,0.0
DHAtpp,0.0,0.0
DHBD,0.0,0.0
DHBS,0.0,0.0
DHBSH,0.0,0.0
DHCIND,0.0,0.0
DCMPtex,0.0,0.0
DCTPD,0.0,0.0388951892359226
DCYTD,0.0,0.0
DHCINDO,0.0,0.0
ARBt2rpp,0.0,0.0
DHDPRy,0.0,0.2336978699999807
DHDPS,0.0,0.2336978699999807
ARBt3ipp,0.0,0.0
DHFR,0.0,0.0169060499991928
DHFS,0.0,0.0004214699994236
FFSD,0.0,0.0
ARBtex,0.0,0.0
DNMPPA,0.0,0.0004214699994236
DHMPTR,0.0,0.0
DHNAOT4,0.0,0.0
DHNCOAS,0.0,0.0
DNTPPA,0.0,0.0004214699994236
ARGAGMt7pp,0.0,0.0
DOGULNR,0.0,0.0
DHNCOAT,0.0,0.0
DHNPA2r,0.0,0.0004214699994236
DOPAtex,0.0,0.0
ARGDC,0.0,0.0
DHNPTE,0.0,0.0
DOXRBCNtex,0.0,0.0
ARGDCpp,0.0,0.0
DOXRBCNtpp,0.0,0.0
DHORD2,0.0,0.2084008499997622
ARGORNt7pp,0.0,0.0
DHORD5,0.0,0.0
DHORDfum,0.0,0.0
DHORTS,0.0,0.0
DHPPD,0.0,0.0
DPCOAK,0.0,0.0003628800004529
DPR,0.0,0.0003628800004529
DRPA,0.0,0.0224106092361388
DSBAO1,0.0,0.0
DHPPDA2,0.0,0.0002809799996157
ARGSL,0.0,0.2213748636708458
DHPS2,0.0,0.0004214699994236
DHPTDCs2,0.0,0.000282239999614
DSBAO2,0.0,0.0
DSBCGT,0.0,0.0
DSBDR,0.0,0.0
DHPTDNR,0.0,0.0
DHPTDNRN,0.0,0.0
ARGSS,0.0,0.2213748636708458
DHPTPE,0.0,0.0
DHQS,0.0,0.2625280223375345
DSBGGT,0.0,0.0
DSERDHr,0.0,0.0
DSERt2pp,0.0,0.0
DSERtex,0.0,0.0
DHQTi,0.0,0.2625280223375345
ARGTRS,0.0,0.0
DIMPtex,0.0,0.0
DINSt2pp,0.0,0.0
DTARTD,0.0,0.0
ARGabcpp,0.0,0.0
DTMPK,0.0,0.0164845799997692
DINStex,0.0,0.0
DKGLCNR1,0.0,0.0
DTMPtex,0.0,0.0
ARGt3pp,0.0,0.0
DUMPtex,0.0,0.0
DURADx,0.0,0.0
DURIK1,0.0,0.0
DURIPP,0.0,0.022410609236152
DURIt2pp,0.0,0.0
DURItex,0.0,0.0
DKGLCNR2x,0.0,0.0
DUTPDP,0.0,0.0388951892364444
ARGtex,0.0,0.0
DXPRIi,0.0,0.0015050699979417
DXPS,0.0,0.0017860499975574
DKGLCNR2y,0.0,0.0
DMATT,0.0,0.0001751399997604
DMPPS,0.0,0.0001751399997604
DMQMT,0.0,0.0
DXYLK,0.0,0.0
E4PD,0.0,0.0001404899998078
DMSOR1,0.0,0.0
ASAD,0.0,0.0
DMSOR1pp,0.0,0.0
DMSOR2,0.0,0.0
EAR100x,0.0,0.2242043999980625
EAR100y,0.0,0.0
EAR120x,0.0,0.2242043999980625
DMSOR2pp,0.0,0.0
EAR120y,0.0,0.0
DMSOtex,0.0,0.0
ASCBPL,0.0,0.0
DMSOtpp,0.0,0.0
DMStex,0.0,0.0
EAR121x,0.0,0.0
EAR121y,0.0,0.0
EAR140x,0.0,0.1751752799990864
FCLK,0.0,0.0
EAR140y,0.0,0.0
EAR141x,0.0,0.0
EAR141y,0.0,0.0
EAR160x,0.0,0.0
EAR160y,0.0,0.0
EAR161x,0.0,0.1751752799990851
EAR161y,0.0,0.0
EAR180x,0.0,0.0
EAR180y,0.0,0.0
EAR181x,0.0,0.0
EAR181y,0.0,0.0
ECOAH5,0.0,0.0
ECOAH6,0.0,0.0
ECOAH7,0.0,0.0
ECOAH8,0.0,0.0
EDA,0.0,9.999999974752428e-05
EDD,0.0,0.0001000000002524
EDTXS1,0.0,0.0
EDTXS2,0.0,0.0
EDTXS3,0.0,0.0
EDTXS4,0.0,0.0
EAR40x,0.0,0.2242043999980625
EAR40y,0.0,0.0
EAR60x,0.0,0.2242043999980625
EAR60y,0.0,0.0
EGMEACPR,0.0,1.2599999982768523e-06
FCLPA,0.0,0.0
ENLIPAabctex,0.0,0.0
ENO,0.0,27.57474655238655
EAR80x,0.0,0.2242043999980625
EAR80y,0.0,0.0
ECA4COLIPAabctex,0.0,0.0
ENTCS,0.0,0.0
ENTERES,0.0,0.0
ENTERES2,0.0,0.0
EPMEACPR,0.0,1.2599999982768523e-06
ECA4OALpp,0.0,0.0
ECAP1pp,0.0,0.0
ECAP2pp,0.0,0.0
ECAP3pp,0.0,0.0
ECAtpp,0.0,0.0
ETHAAL,0.0,0.0
ETHAt2pp,0.0,0.0
ECOAH1,0.0,0.0
FCLT,0.0,0.0001404899999999
ECOAH2,0.0,0.0
ECOAH3,0.0,0.0
ETHAtex,0.0,0.0
ETHSO3abcpp,0.0,0.0
ETHSO3tex,0.0,0.0
ECOAH4,0.0,0.0
ETOHtex,0.0,0.0
FDH4pp,0.0,0.0
ETOHtrpp,0.0,0.0
F6PA,0.0,16.481605766197013
F6PP,0.0,0.0
FHL,0.0,0.0
FLDR2,0.0,2.0521896895465908
F6Pt6_2pp,0.0,0.0
FLVR,0.0,0.0
FDH5pp,0.0,0.0
FLVRx,0.0,0.0
FMETTRS,0.0,0.0
FMNAT,0.0,0.0001404899998078
FMNRx,0.0,0.0
F6Ptex,0.0,0.0
FA100ACPHi,0.0,0.0
FA120ACPHi,0.0,0.0
FA140ACPHi,0.0,0.0
FA141ACPHi,0.0,0.0
FA160ACPHi,0.0,0.0
FA161ACPHi,0.0,0.0
FMNRx2,0.0,0.0
FOMETRi,0.0,0.0
FORCT,0.0,0.0
FDMO,0.0,0.0
FORt2pp,0.0,0.0
FORtex,0.0,0.0
FORtppi,0.0,38.06186308594737
FRD2,0.0,0.0
FRD3,0.0,0.0
FRUK,0.0,0.2459436500771585
FRULYSDG,0.0,0.0
FRULYSE,0.0,0.0
FA80ACPHi,0.0,0.0
FDMO2,0.0,0.0
FRULYSK,0.0,0.0
FRULYSt2pp,0.0,0.0
FRULYStex,0.0,0.0
FRUURt2rpp,0.0,0.0
FRUURtex,0.0,0.0
FACOAE100,0.0,0.0
FACOAE120,0.0,0.0
FACOAE140,0.0,6.773842152071666
FRUpts2pp,0.0,8.074056349922841
FRUptspp,0.0,0.2459436500771585
FRUtex,0.0,8.32
FTHFD,0.0,0.0
FTHFLi,0.0,3.314305141796693
FUCtex,0.0,0.0
FUCtpp,0.0,0.0
FUM,0.0,17.121664065798655
FUMt2_2pp,0.0,0.0
FUMt2_3pp,0.0,0.0
FACOAE141,0.0,0.1751752799990851
FACOAE160,0.0,0.0804056399995515
FACOAE161,0.0,0.0
FACOAE180,0.0,0.0
FACOAE181,0.0,0.0
FUMtex,0.0,0.0
FUSAtex,0.0,0.0
FDMO3,0.0,0.0
FUSAtpp,0.0,0.0
G1PACT,0.0,0.0595274399994884
G1PPpp,0.0,0.0
FACOAE60,0.0,0.0
FACOAE80,0.0,0.0
FACOAL100t2pp,0.0,0.0
FACOAL120t2pp,0.0,0.0
FACOAL140t2pp,0.0,6.94901743207075
G1PTT,0.0,0.0
G1Ptex,0.0,0.0
G1SAT,0.0,0.0022478399984624
FACOAL141t2pp,0.0,0.0
FDMO4,0.0,0.0
FACOAL160t2pp,0.0,0.0
FACOAL161t2pp,0.0,0.0804056399995515
FACOAL180t2pp,0.0,0.0
FACOAL181t2pp,0.0,0.0
FACOAL60t2pp,0.0,0.0
FACOAL80t2pp,0.0,0.0
G2PP,0.0,0.0
G2PPpp,0.0,0.0
G3PAT120,0.0,0.0
G3PAT140,0.0,6.949017432070751
G3PAT141,0.0,0.0
G3PAT160,0.0,0.0
G3PAT161,0.0,0.0
G3PAT180,0.0,0.0
FADRx,0.0,0.0
FDMO6,0.0,0.0
FADRx2,0.0,0.0
FALDH2,0.0,0.0
FALDtex,0.0,0.0
FALDtpp,0.0,0.0
FALGTHLs,0.0,0.0
G3PAT181,0.0,0.0
G3PCabcpp,0.0,0.0
G3PCtex,0.0,0.0
G3PD2,0.0,4.8524123600007405
G3PD5,0.0,0.0
G3PD6,0.0,0.0
FBA,0.0,3.025870082994249
FBA3,0.0,0.17948814501411
G3PD7,0.0,0.0
FE2abcpp,0.0,0.0
FBP,0.0,0.0
G3PEabcpp,0.0,0.0
FE2t2pp,0.0,0.0
G3PEtex,0.0,0.0
G3PGabcpp,0.0,0.0
G3PGtex,0.0,0.0
G3PIabcpp,0.0,0.0
G3PItex,0.0,0.0
FCI,0.0,0.0
G3PSabcpp,0.0,0.0
FE2t3pp,0.0,0.0
G3PStex,0.0,0.0
G3PT,0.0,0.0
GGPTRCS,0.0,0.0
GHBDHx,0.0,0.0
GHMT2r,0.0,0.0
G5SADs,0.0,0.1392646499999728
FE2tex,0.0,0.010118430000034
G5SD,0.0,0.0
G6PDA,0.0,0.0
GK1,0.0,0.1535410799994235
GLBRAN2,0.0,0.0
GLCATr,0.0,0.0
G6PDH2r,0.0,0.0
FE2tpp,0.0,0.010118430000034
G6PP,0.0,0.0
G6Pt6_2pp,0.0,0.0
G6Ptex,0.0,0.0
GAL1PPpp,0.0,0.0
GLCDpp,0.0,0.0
FE3DCITabcpp,0.0,0.0
GLCNt2rpp,0.0,7.28
GAL1Ptex,0.0,0.0
GALBDtex,0.0,0.0
GALCTD,0.0,0.0
GALCTLO,0.0,0.0
GALCTND,0.0,0.0
GLCNtex,0.0,7.28
GLCP,0.0,944.4452904905712
GLCP2,0.0,0.0
GALCTNLt2pp,0.0,0.0
FE3DCITtonex,0.0,0.0
GALCTNLtex,0.0,0.0
GALCTNt2pp,0.0,0.0
GALCTNtex,0.0,0.0
GALCTt2rpp,0.0,0.0
GLCRAL,0.0,0.0
GLCRD,0.0,0.0
GLCRt2rpp,0.0,0.0
GALCTtex,0.0,0.0
FE3DHBZR,0.0,0.0
GALKr,0.0,1.9600000000000364
GALM2pp,0.0,0.0
GALS3,0.0,0.0
GLCRtex,0.0,0.0
GLCS1,0.0,944.4452904905712
GLCTR1,0.0,0.0
GLCTR2,0.0,0.0
GALT1,0.0,0.0
FE3DHBZSabcpp,0.0,0.0
GALTptspp,0.0,0.0
GLCTR3,0.0,0.0
FE3DHBZStonex,0.0,0.0
GLCUR1Ptex,0.0,0.0
GALTtex,0.0,0.0
GLCURt2rpp,0.0,0.0
GLCURtex,0.0,0.0
GLCabcpp,0.0,9.654
GALURt2rpp,0.0,0.0
GALURtex,0.0,0.0
GALUi,0.0,0.0
GLCptspp,0.0,0.0
FE3HOXR1,0.0,0.0
GLCt2pp,0.0,0.0
GALabcpp,0.0,1.9600000000000364
FE3HOXR2,0.0,0.0
GLCtex_copy1,0.0,9.654
FE3HOXR3,0.0,0.0
GLCtex_copy2,0.0,0.0
GLDBRAN2,0.0,0.0
FE3HOXUtex,0.0,0.0
GLGC,0.0,944.4452904905712
FE3HOXUtpp,0.0,0.0
GLNS,0.0,1.8941061455939705
FE3HOXabcpp,0.0,0.0
GLNTRS,0.0,0.0
FE3HOXexs,0.0,0.0
GLNabcpp,0.0,0.0
GLNtex,0.0,0.0
GLTPD,0.0,0.0
GLU5K,0.0,0.0
GLUABUTt7pp,0.0,0.0
GALt2pp,0.0,0.0
GALtex,0.0,1.9600000000000364
GAM6Pt6_2pp,0.0,0.0
GAMAN6Ptex,0.0,0.0
GAMptspp,0.0,0.0
GAMtex,0.0,0.0
GAPD,0.0,27.57474655238654
GLUCYS,0.0,0.0
GLUDC,0.0,0.0
GLUDy,0.0,0.0
GLUN,0.0,0.7145235063590327
GLUNpp,0.0,0.0
GLUPRT,0.0,0.2823899400003344
GLUR,0.0,0.0
GARFT,0.0,0.2823899400003344
FE3HOXtonex,0.0,0.0
GART,0.0,0.0
GLUSy,0.0,0.0
GLUTRR,0.0,0.0022478399984624
GLUTRS,0.0,0.0022478399984624
GLUabcpp,0.0,0.0
GBBTNtex,0.0,0.0
GCALDD,0.0,0.0004214699994236
GDMANE,0.0,0.0
GLUt2rpp,0.0,0.0
FE3Ri,0.0,0.0942618599986197
GLUt4pp,0.0,0.0
GLUtex,0.0,0.0
GDPDPK,0.0,0.0
GDPMNH,0.0,0.0
GLXCL,0.0,0.0
FE3abcpp,0.0,0.0
GLYALDtex,0.0,0.0
GDPMNP,0.0,0.0
GDPTPDP,0.0,0.1049950230103687
GLYALDtpp,0.0,0.0
GDPtex,0.0,0.0
FE3tex,0.0,0.0
GF6PTA,0.0,0.0595274399994884
GGGABADr,0.0,0.0
GGGABAH,0.0,0.0
GGPTRCO,0.0,0.0
GLYAT,0.0,0.0
GLYBabcpp,0.0,0.0
GLYBt2pp,0.0,0.0
GLYBtex,0.0,0.0
GLYC2Pabcpp,0.0,0.0
GLYC2Ptex,0.0,0.0
GLYC3Pabcpp,0.0,0.0
FECRMR1,0.0,0.0
GLYC3Pt6pp,0.0,0.0
GLYC3Ptex,0.0,0.0
GTPDPDP,0.0,0.0
GLYCAt2rpp,0.0,0.0
GTPDPK,0.0,0.1049950230103687
FECRMR2,0.0,0.0
GTPHs,0.0,0.0
GLYCAtex,0.0,0.0
GLYCDx,0.0,0.0
GLYCK,0.0,0.0
GTPtex,0.0,0.0
GUACYC,0.0,0.0
GLYCK2,0.0,0.0
FECRMR3,0.0,0.0
GLYCL,0.0,0.0
GLYCLTDx,0.0,0.0
GLYCLTDy,0.0,0.0
GUAD,0.0,0.0
GUAPRT,0.0,0.0
GUAt2pp,0.0,0.0
GUAtex,0.0,0.0
GUAtpp,0.0,0.0
GUI1,0.0,0.0
GUI2,0.0,0.0
GUR1PPpp,0.0,0.0
H2O2tex,0.0,0.0
H2Otex,0.0,0.0
H2Otpp,0.0,0.0
H2SO,0.0,0.0
GLYCLTt2rpp,0.0,0.0
GLYCLTt4pp,0.0,0.00327915
GLYCLTtex,0.0,0.0
GLYCTO2,0.0,0.0004214699994236
GLYCTO3,0.0,0.0
GLYCTO4,0.0,0.0
GLYCtex,0.0,4.94
GLYCtpp,0.0,0.0
GLYK,0.0,11.969423072070583
H2St1pp,0.0,0.0
H2Stex,0.0,0.0
H2tex,0.0,0.0
FECRMUtex,0.0,0.0
H2tpp,0.0,0.0
FECRMUtpp,0.0,0.0
HACD1,0.0,0.0
HACD2,0.0,0.0
HACD3,0.0,0.0
HACD4,0.0,0.0
HACD5,0.0,0.0
HACD6,0.0,0.0
GLYOX,0.0,0.0
GLYOX3,0.0,0.0
GLYTRS,0.0,0.0
GLYt2pp_copy1,0.0,0.0
GLYt2pp_copy2,0.0,0.0
HACD7,0.0,0.0
HACD8,0.0,0.0
HADPCOADH3,0.0,0.0
HBZOPT,0.0,0.00014049
HCINNMt2rpp,0.0,0.0
FECRMabcpp,0.0,0.0
HCINNMtex,0.0,0.0
HCO3E,0.0,1.802654909987982
HCYSMT,0.0,0.0
GLYt4pp,0.0,0.0
GLYtex,0.0,0.0
GMAND,0.0,0.0
HCYSMT2,0.0,0.0
GMHEPAT,0.0,0.0
FECRMexs,0.0,0.0
GMHEPK,0.0,0.0
HDCAtexi,0.0,0.0
HDCEAtexi,0.0,0.0
HEMEOS,0.0,0.0
HEPK1,0.0,0.0
GMHEPPA,0.0,0.0
GMPR,0.0,0.0
HEPK2,0.0,0.0
HEPT1,0.0,0.0
FECRMtonex,0.0,0.0
GMPS2,0.0,0.1535410799994235
FEENTERR1,0.0,0.0
GMPtex,0.0,0.0
GND,0.0,0.4857044867103172
GNK,0.0,0.4858044867100647
HEPT2,0.0,0.0
HEPT3,0.0,0.0
HEPT4,0.0,0.0
HETZK,0.0,0.0
HEX1,0.0,1.901602282022376
HEX4,0.0,0.0
HEX7,0.0,11.614000000000036
GOFUCR,0.0,0.0
GP4GH,0.0,0.0
GPDDA1,0.0,0.0
HEXt2rpp,0.0,0.0
FEENTERR2,0.0,0.0
GPDDA1pp,0.0,0.0
GPDDA2,0.0,0.0
FEENTERR3,0.0,0.0
GPDDA2pp,0.0,0.0
HG2abcpp,0.0,0.0
HG2t3pp,0.0,0.0
FEENTERabcpp,0.0,0.0
HG2tex,0.0,0.0
GPDDA3,0.0,0.0
GPDDA3pp,0.0,0.0
HISTD,0.0,0.059684940000011
FEENTERexs,0.0,0.0
HISTP,0.0,0.059684940000011
HISTRS,0.0,0.0
GPDDA4,0.0,0.0
HISabcpp,0.0,0.0
FEENTERtex,0.0,0.0
GPDDA4pp,0.0,0.0
FEENTERtonex,0.0,0.0
GPDDA5,0.0,0.0
GPDDA5pp,0.0,0.0
HISt2rpp,0.0,0.0
HIStex,0.0,0.0
HKNDDH,0.0,0.0
HKNTDH,0.0,0.0
HMBS,0.0,0.000280979999747
HMPK1,0.0,0.0
HOMt2pp,0.0,0.0
GRTT,0.0,0.0001751399997604
GRXR,0.0,0.156159360000597
FEENTERtpp,0.0,0.0
GSNK,0.0,0.0
HOMtex,0.0,0.0
GSNt2pp,0.0,0.0
FEOXAMR1,0.0,0.0
GSNtex,0.0,0.0
FEOXAMR2,0.0,0.0
FEOXAMR3,0.0,0.0
GSPMDA,0.0,0.0
FEOXAMUtex,0.0,0.0
GSPMDS,0.0,0.0
FEOXAMUtpp,0.0,0.0
GTHOXtex,0.0,0.0
HOPNTAL,0.0,0.0
GTHOr,0.0,0.156159360000597
FEOXAMabcpp,0.0,0.0
GTHPi,0.0,0.0
HPPK2,0.0,0.0004214699994236
GTHRDHpp,0.0,0.0
FEOXAMexs,0.0,0.0
GTHRDabc2pp,0.0,0.0
HPPPNDO,0.0,0.0
HPPPNt2rpp,0.0,0.0
FEOXAMtonex,0.0,0.0
HPPPNtex,0.0,0.0
HPYRI,0.0,0.0
HPYRRx,0.0,65.9004899180365
HPYRRy,0.0,0.0
HSDy,0.0,0.0
GTHRDabcpp,0.0,0.0
GTHRDtex,0.0,0.0
GTHS,0.0,0.0
GTPCI,0.0,0.0004214699994236
GTPCII2,0.0,0.0002809799996157
FEROpp,0.0,0.0
HSK,0.0,3.586814161795583
HSST,0.0,0.0969639300003344
INStex,0.0,0.0
FESD1s,0.0,0.0967213799986197
IPDDI,0.0,0.0
IPDPS,0.0,0.0013299299981812
HSTPT,0.0,0.059684940000011
HXAND,0.0,0.1535410799994235
HXAtex,0.0,0.0
IPMD,0.0,0.2838345300000355
FESD2s,0.0,0.0
IPPMIa,0.0,0.0
FESR,0.0,0.1934427599972447
IPPMIb,0.0,0.0
HXCT,0.0,0.0
LIPAabctex,0.0,0.0
HXPRT,0.0,0.0
HYD1pp,0.0,0.0
IPPS,0.0,0.2838345300000355
ISETACabcpp,0.0,0.0
ISETACtex,0.0,0.0
K2L4Aabcpp,0.0,0.01225728
K2L4Aabctex,0.0,0.01225728
KARA1,0.0,0.0
HYD2pp,0.0,0.0
HYD3pp,0.0,0.0
LIPOCT,0.0,0.0
HYPOE,0.0,0.0
KARA2,0.0,0.1830332699992141
KAS14,0.0,0.0
KAS15,0.0,0.2242043999980625
LIPOS,0.0,0.0
KDOCT2,0.0,0.0245145599994884
KDOPP,0.0,0.0245145599994884
HYXNtex,0.0,0.0
HYXNtpp,0.0,0.0
Htex,0.0,0.0
KDOPS,0.0,0.0245145599994884
LIPOt2pp,0.0,0.0
KG6PDC,0.0,0.0
Kabcpp,0.0,0.0
Kt2pp,0.0,0.12297159
Kt3pp,0.0,0.0
Ktex,0.0,0.12297159
L_LACD2,0.0,0.0
I2FE2SR,0.0,1.26e-06
I2FE2SS,0.0,0.0001801800000017
I2FE2SS2,0.0,0.0001638000001088
I2FE2ST,0.0,1.764e-05
I4FE4SR,0.0,0.0001638000001088
I4FE4ST,0.0,0.0001637999999947
ICDHyr,0.0,0.6773709599985978
ICHORS_copy1,0.0,0.0
ICHORS_copy2,0.0,0.0
ICHORT,0.0,0.0
ICL,0.0,0.5296464421254178
ICYSDS,0.0,0.0011371500000292
IDOND,0.0,6.794195513290135
IDOND2,0.0,0.0
IDONt2rpp,0.0,0.0
L_LACD3,0.0,0.0
L_LACt2rpp,0.0,0.0
L_LACtex,0.0,0.0
LA4NTpp,0.0,0.0
LACZ,0.0,0.0
LACZpp,0.0,0.0
LADGMDH,0.0,0.0
LALADGLUtex,0.0,0.0
IDONtex,0.0,0.0
IG3PS,0.0,0.059684940000011
LALADGLUtpp,0.0,0.0
LIPOtex,0.0,0.0
LALALGLUtex,0.0,0.0
LALALGLUtpp,0.0,0.0
IGPDH,0.0,0.059684940000011
IGPS,0.0,0.03581109
LPADSS,0.0,0.0122572799997442
ILETA,0.0,0.0
ILETRS,0.0,0.0
ILEabcpp,0.0,0.0
ILEt2rpp,0.0,0.0
ILEtex,0.0,0.0
IMPC,0.0,0.0
LALDO2x,0.0,0.0
LALDO3,0.0,0.0
LALGP,0.0,0.0
LCADi,0.0,0.0
LCARR,0.0,0.0
LCARS,0.0,0.0
IMPD,0.0,0.0
IMPtex,0.0,0.0
INDOLEt2pp,0.0,0.0
INDOLEt2rpp,0.0,0.0
INDOLEtex,0.0,0.0
INOSTt4pp,0.0,0.0
INSH,0.0,0.1535410799994228
INSK,0.0,0.0
INSTtex,0.0,0.0
LCTSt3ipp,0.0,0.0
LCTStex,0.0,0.0
LCTStpp,0.0,0.0
INSt2pp_copy1,0.0,0.0
LDH_D,0.0,0.0
LPLIPAL1A120pp,0.0,0.0
LDH_D2,0.0,0.0
LEUTAi,0.0,0.2838345300000355
LEUTRS,0.0,0.0
INSt2pp_copy2,0.0,0.0
LEUabcpp,0.0,0.0
LPLIPAL1A140pp,0.0,0.0
LEUt2rpp,0.0,0.0
LEUtex,0.0,0.0
LYStex,0.0,0.0
LYXI,0.0,0.0
LGTHL,0.0,0.0
LPLIPAL1A141pp,0.0,0.0
LIPACabcpp,0.0,0.0
LIPAHT2ex,0.0,0.0
LIPAHTex,0.0,0.0
LIPAMPL,0.0,0.0
LIPATPT,0.0,0.0
LIPAabcpp,0.0,0.0
LYXt2pp,0.0,0.0
LYXtex,0.0,0.0
M1PD,0.0,0.0
MACPD,0.0,0.0
MALCOAMT,0.0,1.2599999982768523e-06
MALDDH,0.0,0.0
MALDt2_2pp,0.0,0.0
LPLIPAL1A160pp,0.0,0.0
MALDtex,0.0,0.0
MALS,0.0,0.5300679121248414
MALTATr,0.0,0.0
MELIBt2pp,0.0,0.0
LPLIPAL1A161pp,0.0,0.0
MELIBt3ipp,0.0,0.0
MELIBtex,0.0,0.0
MALTHXabcpp,0.0,0.0
MALTHXtexi,0.0,0.0
MALTPTabcpp,0.0,0.0
LPLIPAL1A180pp,0.0,0.0
MALTPTtexi,0.0,0.0
MEOHtex,0.0,0.0
MEOHtrpp,0.0,0.0
MEPCT,0.0,0.0015050699979417
MALTTRabcpp,0.0,0.0
MALTTRtexi,0.0,0.0
LPLIPAL1A181pp,0.0,0.0
MALTTTRabcpp,0.0,0.0
MALTTTRtexi,0.0,0.0
MALTabcpp,0.0,0.0
METAT,0.0,0.0005657399998426
METDabcpp,0.0,0.0
METDtex,0.0,0.0
METOX1s,0.0,0.0
METOX2s,0.0,0.0
MALTptspp,0.0,0.0
MALTtexi,0.0,0.0
LPLIPAL1E120pp,0.0,0.0
MALt2_2pp,0.0,0.0
MALt2_3pp,0.0,0.0
METS,0.0,0.0972461699999485
METSOX1abcpp,0.0,0.0
METSOX1tex,0.0,0.0
MALt3pp,0.0,0.0
METSOX2abcpp,0.0,0.0
MALtex,0.0,0.0
LPLIPAL1E140pp,0.0,0.0
MAN1PT2,0.0,0.0
MAN6PI,0.0,0.0
LPLIPAL1E141pp,0.0,0.0
MAN6Pt6_2pp,0.0,0.0
METSOX2tex,0.0,0.0
LPLIPAL1E160pp,0.0,0.0
MAN6Ptex,0.0,0.0
METSOXR1,0.0,0.0
MANAO,0.0,0.0
LPLIPAL1E161pp,0.0,0.0
MANGLYCptspp,0.0,0.0
MANGLYCtex,0.0,0.0
METSOXR2,0.0,0.0
METTRS,0.0,0.0
LPLIPAL1E180pp,0.0,0.0
METabcpp,0.0,0.0
METtex,0.0,0.0
MANPGH,0.0,0.0
MANptspp,0.0,0.0
MANtex,0.0,0.0
MCITD,0.0,0.0
MG2t3_2pp,0.0,0.0054652500000429
LPLIPAL1E181pp,0.0,0.0
MG2tex,0.0,0.0054652500000429
MG2tpp,0.0,0.0
MCITL2,0.0,0.0
MCITS,0.0,0.0
MG2uabcpp,0.0,0.0
LPLIPAL1G120pp,0.0,0.0
MGSA,0.0,0.0
MI1PP,0.0,0.0
MICITDr,0.0,0.0
MCOATA,0.0,1.5204041999874571
MCPST,0.0,0.0
MINCYCtex,0.0,0.0
LPLIPAL1G140pp,0.0,0.0
MINCYCtpp,0.0,0.0
MCTP1App,0.0,0.00875322
MINOHPtexi,0.0,0.0
MCTP1Bpp,0.0,0.0
LPLIPAL1G141pp,0.0,0.0
MCTP2App,0.0,0.0
MDDCP1pp,0.0,0.0
MDDCP2pp,0.0,0.0
MDDCP3pp,0.0,0.0
MLDCP1App,0.0,0.0
MLDCP1Bpp,0.0,0.0
MLDCP2App,0.0,0.0
MLDCP2Bpp,0.0,0.0
MLDCP3App,0.0,0.0
MLDEP1pp,0.0,0.0
MDDCP4pp,0.0,0.0
MDDCP5pp,0.0,0.0
LPLIPAL1G160pp,0.0,0.0
MDDEP1pp,0.0,0.0
MDDEP2pp,0.0,0.0
MLDEP2pp,0.0,0.0
MLTG1,0.0,0.0
MLTG2,0.0,0.0
MDDEP3pp,0.0,0.0
MDDEP4pp,0.0,0.0
LPLIPAL1G161pp,0.0,0.0
MDH,0.0,17.556445737924875
MLTG3,0.0,0.0
MLTG4,0.0,0.0
MDH2,0.0,0.0
LPLIPAL1G180pp,0.0,0.0
MDH3,0.0,0.0
MLTG5,0.0,3.861602282022412
MLTGY1pp,0.0,0.0
MLTGY2pp,0.0,0.0
MLTGY3pp,0.0,0.0
MLTGY4pp,0.0,0.0
ME1,0.0,0.0
ME2,0.0,0.0
MECDPDH5,0.0,0.0015050699979415
MECDPS,0.0,0.0015050699974841
MLTP1,0.0,0.0
MLTP2,0.0,0.0
MLTP3,0.0,0.0
MMCD,0.0,0.0
MMETt2pp,0.0,0.0
LPLIPAL1G181pp,0.0,0.0
MMETtex,0.0,0.0
MMM,0.0,0.0
MOADSUx,0.0,0.0003074400000002
MOAT,0.0,0.0122572799994884
MN2t3pp,0.0,0.0
LPLIPAL2A120,0.0,0.0
MN2tpp,0.0,0.00043533
MOAT2,0.0,0.01225728
LPLIPAL2A140,0.0,6.94901743207075
MOAT3C,0.0,0.0
MN6PP,0.0,0.0
LPLIPAL2A141,0.0,0.0
MNLptspp,0.0,0.0
MOBDabcpp,0.0,8.12700000096811e-05
MOBDtex,0.0,8.12700000096811e-05
LPLIPAL2A160,0.0,0.0
MOCDS,0.0,0.0
MOCOS,0.0,7.685999999999804e-05
MOGDS,0.0,0.0
MOHMT,0.0,0.0003628800004529
MOX,0.0,0.0952862399986216
MPTAT,0.0,0.0001537199999999
MPTG,0.0,0.00875322
MNLtex,0.0,0.0
MNNH,0.0,0.0
MNt2pp,0.0,0.0
MNtex,0.0,0.0004353299999593
NDPK6,0.0,0.0
MPTG2,0.0,0.0
MPTS,0.0,0.0001537200000001
MPTSS,0.0,0.0003074399999999
MSAR,0.0,0.0
NDPK7,0.0,0.0559158992359226
NDPK8,0.0,0.01648458
LPLIPAL2A161,0.0,0.0804056399995515
NH4tex,0.0,6.8269421723374535
NH4tpp,0.0,6.8269421723374535
NHFRBO,0.0,0.0
MSO3abcpp,0.0,0.0
MSO3tex,0.0,0.0
MTAN,0.0,0.0
MTHFC,0.0,0.0
MTHFD,0.0,0.0
MTHFR2,0.0,0.0972461699999485
NI2abcpp,0.0,0.0
NI2t3pp,0.0,0.0
MTHTHFSs,0.0,0.000282239999614
MTRPOX,0.0,0.0
N2Otex,0.0,0.0
NI2tex,0.0,0.00020349
LPLIPAL2A180,0.0,0.0
NI2tpp,0.0,0.00020349
NI2uabcpp,0.0,0.0
N2Otpp,0.0,0.0
NACODA,0.0,0.1392646499999728
NACtex,0.0,0.0
NACtpp,0.0,0.0
NADDP,0.0,2.881218906774912
NADH10,0.0,0.0
NADH16pp,0.0,55.7139746677485
NMNAT,0.0,2.8812189067758087
NMNDA,0.0,0.0
NMNN,0.0,0.0
NMNPtpp,0.0,0.0
NADH17pp,0.0,0.0
NADH18pp,0.0,0.0
NMNt7pp,0.0,0.0
LPLIPAL2A181,0.0,0.0
NMNtex,0.0,0.0
NNAM,0.0,0.0
NADH5,0.0,0.0
NADH9,0.0,0.0
NADK,0.0,9.850132452807236
NNATr,0.0,0.0014351399991028
NNDMBRT,0.0,0.0
NADN,0.0,0.0
LPLIPAL2ATE120,0.0,0.0
NADPHQR2,0.0,0.0
NADPHQR3,0.0,0.0
NNDPR,0.0,0.00143514
NO2t2rpp,0.0,0.0
NO2tex,0.0,0.0
NADPHQR4,0.0,0.0
NO3R1bpp,0.0,0.0
NADPPPS,0.0,9.849850842807625
LPLIPAL2ATE140,0.0,0.0
NADS1,0.0,0.0014351399991028
NADTRHD,0.0,0.0
NAMNPP,0.0,0.0
NAt3_1p5pp,0.0,0.0
NO3R1pp,0.0,0.0
NO3R2bpp,0.0,0.0
NO3R2pp,0.0,0.0
NO3t7pp,0.0,0.0
NO3tex,0.0,0.0
NODOx,0.0,0.0
NAt3_2pp,0.0,0.0
NAt3pp,0.0,0.0
NODOy,0.0,0.0
NAtex,0.0,0.0
LPLIPAL2ATE141,0.0,0.0
NDPK1,0.0,0.0
NDPK2,0.0,0.2903388992354108
NOVBCNtex,0.0,0.0
NOVBCNtpp,0.0,0.0
NOtex,0.0,0.0
NDPK3,0.0,7.0874773228318055
NOtpp,0.0,0.0
NDPK4,0.0,0.0164845799997692
LPLIPAL2ATE160,0.0,0.0
NDPK5,0.0,0.01702071
NTD1,0.0,0.0224106092361533
NTD10,0.0,0.0
NTD10pp,0.0,0.0
LPLIPAL2ATE161,0.0,0.0
NTD11,0.0,0.1535410799994235
NTD11pp,0.0,0.0
NTD12,0.0,0.0
NTD12pp,0.0,0.0
NTD1pp,0.0,0.0
NTD2,0.0,0.0
URIC,0.0,0.0
NTD2pp,0.0,0.0
LPLIPAL2ATE180,0.0,0.0
NTD3,0.0,0.0
NTD3pp,0.0,0.0
LPLIPAL2ATE181,0.0,0.0
NTD4,0.0,1.3610759468844265
NTD4pp,0.0,0.0
NTD9pp,0.0,0.0
NTP1,0.0,0.0
NTP10,0.0,0.0
NTD5,0.0,0.0
LPLIPAL2ATG120,0.0,0.0
NTD5pp,0.0,0.0
NTP11,0.0,0.0
NTP12,0.0,0.0
NTD6,0.0,0.0
LPLIPAL2ATG140,0.0,0.0
NTD6pp,0.0,0.0
NTD7,0.0,0.0
NTP3,0.0,0.0
NTP3pp,0.0,0.0
NTD7pp,0.0,0.0
NTP5,0.0,0.0
LPLIPAL2ATG141,0.0,0.0
NTPP1,0.0,0.0
NTPP10,0.0,0.0
NTD8,0.0,0.0
NTD8pp,0.0,0.0
NTD9,0.0,0.0
NTPP11,0.0,0.0
NTPP2,0.0,0.0
NTPP3,0.0,0.0
NTPP4,0.0,0.0
NTPP5,0.0,0.0
OPMEACPS,0.0,1.2599999982768523e-06
LPLIPAL2ATG160,0.0,0.0
ORNDC,0.0,0.0
ORNabcpp,0.0,0.0
NTPP6,0.0,0.0
NTPP7,0.0,0.0
NTPP8,0.0,0.0
ORNtex,0.0,0.0
LPLIPAL2ATG161,0.0,0.0
OROTt2_2pp,0.0,0.0
OROTtex,0.0,0.0
ORPT,0.0,0.0
NTPP9,0.0,0.0
NTPTP1,0.0,0.0
NTPTP2,0.0,0.0
OXAMTC,0.0,0.0
LPLIPAL2ATG180,0.0,0.0
OXCDC,0.0,0.0
OXCOAHDH,0.0,0.0
NTRIR2x,0.0,0.0
NTRIR3pp,0.0,0.0
NTRIR4pp,0.0,0.0
OXDHCOAT,0.0,0.0
P5CD,0.0,0.0
O16A4COLIPAabctex,0.0,0.0
LPLIPAL2ATG181,0.0,0.0
O16A4Lpp,0.0,0.0
P5CR,0.0,0.1392646499999728
PA120abcpp,0.0,0.0
PA140abcpp,0.0,0.0
PA141abcpp,0.0,0.0
O16AP1pp,0.0,0.0
O16AP2pp,0.0,0.0
O16AP3pp,0.0,0.0
O16AT,0.0,0.0
O16AUNDtpp,0.0,0.0
PA160abcpp,0.0,0.0
LPLIPAL2E120,0.0,0.0
PA161abcpp,0.0,0.0
PA180abcpp,0.0,0.0
O16GALFT,0.0,0.0
O16GLCT1,0.0,0.0
O16GLCT2,0.0,0.0
PA181abcpp,0.0,0.0
LPLIPAL2E140,0.0,0.0
PACALDt2rpp,0.0,0.0
PACALDtex,0.0,0.0
PACCOAE,0.0,0.0
O2Stex,0.0,0.0
O2tex,0.0,36.27336456493549
O2tpp,0.0,36.27336456493549
OAADC,0.0,11.321292820330871
PACCOAL,0.0,0.0
OBTFL,0.0,0.0
LPLIPAL2E141,0.0,0.0
OCBT,0.0,0.2213748636708458
OCDCAtexi,0.0,0.0
PANTS,0.0,0.0003628800004529
PAPA120,0.0,0.0
PAPA120pp,0.0,0.0
PAPA140,0.0,0.0
OCDCEAtexi,0.0,0.0
OCTAtex,0.0,0.0
OCTDPS,0.0,0.0001404899998078
OCTNLL,0.0,0.0
PAPA140pp,0.0,0.0
LPLIPAL2E160,0.0,0.0
PAPA141,0.0,0.0
PAPA141pp,0.0,0.0
OGMEACPD,0.0,1.2599999982768523e-06
OGMEACPR,0.0,1.2599999982768523e-06
LPLIPAL2E161,0.0,0.0
OGMEACPS,0.0,1.2599999982768523e-06
OHPBAT,0.0,0.0001404899998078
PAPA160,0.0,0.0
PAPA160pp,0.0,0.0
PAPA161,0.0,0.0
LPLIPAL2E180,0.0,0.0
PAPA161pp,0.0,0.0
PAPA180,0.0,0.0
PAPA180pp,0.0,0.0
OHPHM,0.0,0.0
OMBZLM,0.0,0.0
OMCDC,0.0,0.2838345300000355
PAPA181,0.0,0.0
PAPA181pp,0.0,0.0
OMMBLHX,0.0,0.0
LPLIPAL2E181,0.0,0.0
OMMBLHX3,0.0,0.0
PAPPT3,0.0,0.01750644
PAPSR,0.0,0.0
OMPDC,0.0,0.2084008499997689
PAPSR2,0.0,0.156159360000597
PDE1,0.0,0.0003274999991731
PDE4,0.0,0.0
OMPHHX,0.0,0.0
OMPHHX3,0.0,0.0
LPLIPAL2G120,0.0,0.0
OP4ENH,0.0,0.0
OPHBDC,0.0,0.00014049
PDH,0.0,26.122209831642685
PDX5PO2,0.0,0.0001404899998078
PDX5POi,0.0,0.0
PDX5PS,0.0,0.0001404899998078
OPHHX,0.0,0.00014049
OPHHX3,0.0,0.0
OPMEACPD,0.0,1.2599999982768523e-06
OPMEACPR,0.0,1.2599999982768523e-06
PDXPP,0.0,0.0
LPLIPAL2G140,0.0,0.0
PE120abcpp,0.0,0.0
PE140abcpp,0.0,0.0
LPLIPAL2G141,0.0,0.0
PE141abcpp,0.0,0.0
PG120abcpp,0.0,0.0
PG140abcpp,0.0,6.949017432070751
LPLIPAL2G160,0.0,0.0
PG141abcpp,0.0,0.0
PG160abcpp,0.0,0.0
PG161abcpp,0.0,0.0804056399995515
PE160abcpp,0.0,0.02894598
PE161abcpp,0.0,0.0132678
PG180abcpp,0.0,0.0
LPLIPAL2G161,0.0,0.0
PG181abcpp,0.0,0.0
PE180abcpp,0.0,0.0
PE181abcpp,0.0,0.0
PEAMNOpp,0.0,0.0
PEAMNtex,0.0,0.0
PGAMT,0.0,0.0
PGCD,0.0,0.0
PGI,0.0,0.0
LPLIPAL2G180,0.0,0.0
PGK,0.0,0.0
PGL,0.0,0.0
PGLYCP,0.0,0.0
PGM,0.0,0.0
PGMT,0.0,0.0
PGP120abcpp,0.0,0.0
PGP140abcpp,0.0,0.0
PERD,0.0,0.0001414899998053
PETNT161pp,0.0,0.0
PETNT181pp,0.0,0.0
PFK,0.0,2.779926432917091
PFK_2,0.0,0.0
PFK_3,0.0,0.17948814501411
PFL,0.0,41.37462283774623
PGP141abcpp,0.0,0.0
PGP160abcpp,0.0,0.0
PGP161abcpp,0.0,0.0
LPLIPAL2G181,0.0,0.0
PGP180abcpp,0.0,0.0
PGP181abcpp,0.0,0.0
PLIPA1E181pp,0.0,0.0
PGPP120,0.0,0.0
LSERDHr,0.0,0.0
PGPP120pp,0.0,0.0
PGPP140,0.0,6.949017432070751
PLIPA1G120pp,0.0,0.0
PLIPA1G140pp,0.0,0.0
PLIPA1G141pp,0.0,0.0
PLIPA1G160pp,0.0,0.0
PLIPA1G161pp,0.0,0.0
PGPP140pp,0.0,0.0
PGPP141,0.0,0.0
PGPP141pp,0.0,0.0
PLIPA1G180pp,0.0,0.0
PLIPA1G181pp,0.0,0.0
PLIPA2A120pp,0.0,0.0
PLIPA2A140pp,0.0,0.0
PGPP160,0.0,0.0
PGPP160pp,0.0,0.0
PGPP161,0.0,0.0804056399995515
PLIPA2A141pp,0.0,0.0
LYSDC,0.0,0.0
PLIPA2A160pp,0.0,0.0
PLIPA2A161pp,0.0,0.0
PLIPA2A180pp,0.0,0.0
PLIPA2A181pp,0.0,0.0
PGPP161pp,0.0,0.0
PGPP180,0.0,0.0
PGPP180pp,0.0,0.0
PGPP181,0.0,0.0
PGPP181pp,0.0,0.0
PLIPA2E120pp,0.0,0.0
LYSTRS,0.0,0.0
PLIPA2E140pp,0.0,0.0
PLIPA2E141pp,0.0,0.0
PGSA120,0.0,0.0
PGSA140,0.0,6.949017432070751
LYSabcpp,0.0,0.0
PGSA141,0.0,0.0
PGSA160,0.0,0.0
PGSA161,0.0,0.0804056399995515
PGSA180,0.0,0.0
PGSA181,0.0,0.0
PHEMEabcpp,0.0,0.0
PLIPA2E160pp,0.0,0.0
PLIPA2E161pp,0.0,0.0
PLIPA2E180pp,0.0,0.0
PLIPA2E181pp,0.0,0.0
PLIPA2G120pp,0.0,0.0
PLIPA2G140pp,0.0,0.0
PLIPA2G141pp,0.0,0.0
PLIPA2G160pp,0.0,0.0
PLIPA2G161pp,0.0,0.0
PLIPA2G180pp,0.0,0.0
PHEMEtiex,0.0,0.0
PHETA1,0.0,0.0
PHETRS,0.0,0.0
PLIPA2G181pp,0.0,0.0
LYSt2pp,0.0,0.0
PMANM,0.0,0.0
PMDPHT,0.0,0.0002809799996157
PMEACPE,0.0,1.2599999982768523e-06
PHEt2rpp,0.0,0.0
PHEtex,0.0,0.0
PHYTSpp,0.0,0.0
PIt2rpp,0.0,0.6077175300005351
PMPK,0.0,0.0001404899998078
PNTK,0.0,0.0003628800004529
PItex,0.0,0.6077175300005351
LYSt3pp,0.0,0.0
PIuabcpp,0.0,0.0
PLIPA1A120pp,0.0,0.0
PLIPA1A140pp,0.0,6.94901743207075
PLIPA1A141pp,0.0,0.0
PLIPA1A160pp,0.0,0.0
PNTOt4pp,0.0,0.0
PNTOtex,0.0,0.0
POAACR,0.0,0.0
POR5,0.0,0.0
POX,0.0,0.0
PPA,0.0,0.0
PPA2,0.0,0.0
PPAKr,0.0,0.0
PLIPA1A161pp,0.0,0.0804056399995515
PLIPA1A180pp,0.0,0.0
PLIPA1A181pp,0.0,0.0
PPALtex,0.0,0.0
PPALtpp,0.0,0.0
PLIPA1E120pp,0.0,0.0
PPAt4pp,0.0,0.0
PPAtex,0.0,0.0
PPBNGS,0.0,0.0011239199992312
PPC,0.0,0.0
PLIPA1E140pp,0.0,0.0
PLIPA1E141pp,0.0,0.0
PLIPA1E160pp,0.0,0.0
PLIPA1E161pp,0.0,0.0
PLIPA1E180pp,0.0,0.0
PPCDC,0.0,0.0003628800004529
PPCK,0.0,0.0
PYDXtex,0.0,0.0
PPCSCT,0.0,0.0
PPGPPDP,0.0,0.0
PPK2,0.0,0.0
PPK,0.0,0.0
PPM,0.0,0.0
PPM2,0.0,0.0224106092361388
PPNCL2,0.0,0.0003628800004529
PPND,0.0,0.1094380223385758
PPNDH,0.0,0.1167169499997271
PPPGO,0.0,0.0001404899999999
PPPGO3,0.0,0.0
PPPNDO,0.0,0.0
PPPNt2rpp,0.0,0.0
PPPNtex,0.0,0.0
PPS,0.0,17.252902471595096
PPTHpp,0.0,0.0
PPTtex,0.0,0.0
PRAGSr,0.0,0.2823899400003344
PRAIS,0.0,0.2823899400003344
PRAIi,0.0,0.03581109
PRAMPC,0.0,0.059684940000011
PRASCSi,0.0,0.2822494500005266
PRATPP,0.0,0.059684940000011
PRFGS,0.0,0.2823899400003344
PRMICI,0.0,0.059684940000011
PROD2,0.0,0.0
PROGLYabcpp,0.0,0.0
PROGLYtex,0.0,0.0
PROTRS,0.0,0.0
PROabcpp,0.0,0.0
PROt2rpp,0.0,0.0
PROt4pp,0.0,0.0
PROtex,0.0,0.0
PRPPS,0.0,0.0
PSCLYSt2pp,0.0,0.0
PSCLYStex,0.0,0.0
PSCVT,0.0,0.2625280223375345
PSD120,0.0,0.0
RNTR4c2,0.0,0.0
RPE,0.0,0.0
RPI,0.0,0.0
RZ5PP,0.0,0.0
S2FE2SR,0.0,0.0
S2FE2SS,0.0,0.0
S2FE2SS2,0.0,0.0
PSD140,0.0,0.0
PSD141,0.0,0.0
S2FE2ST,0.0,0.0
S4FE4SR,0.0,0.0
PYDXtpp,0.0,0.0
S4FE4ST,0.0,0.0
S7PI,0.0,0.0
SADH,0.0,0.0350259036708457
PSD160,0.0,0.04020282
PYK,0.0,35.94057197930709
PSD161,0.0,0.0473848199999999
SADT2,0.0,0.156159360000597
PYNP2r,0.0,0.0
SARCOX,0.0,0.0
SBTPD,0.0,0.0
SBTptspp,0.0,0.0
SBTtex,0.0,0.0
PSD180,0.0,0.0
PSD181,0.0,0.0
SCYSDS,0.0,0.0
PYROX,0.0,0.0
SDPDS,0.0,0.2336978699999825
SDPTA,0.0,0.0
SELCYSS,0.0,0.0
SELGTHR,0.0,0.0
SELGTHR2,0.0,0.0
SELGTHR3,0.0,0.0
PSERT,0.0,0.0
PSERtex,0.0,0.0
PSP_L,0.0,0.0
PSP_Lpp,0.0,0.0
PSSA120,0.0,0.0
SELNPS,0.0,0.0
PYRt2rpp,0.0,26.71
SELR,0.0,0.0
SELtex,0.0,0.0
SELtpp,0.0,0.0
PSSA140,0.0,0.0
PSSA141,0.0,0.0
SEPHCHCS,0.0,0.0
PSSA160,0.0,0.04020282
SERASr,0.0,0.0
PYRtex,0.0,26.71
SERAT,0.0,0.156159360000597
PSSA161,0.0,0.0473848199999999
PSSA180,0.0,0.0
PSSA181,0.0,0.0
PTA2,0.0,0.0
PTAr,0.0,53.22701750499959
SERD_D,0.0,0.0
SERD_L,0.0,2.1959102417959446
PTHRpp,0.0,0.0
PTPATi,0.0,0.0003628800004529
SERTRS,0.0,0.0
PTRCORNt7pp,0.0,0.0
QMO2,0.0,0.0
PTRCTA,0.0,0.0
SERTRS2,0.0,0.0
SERt2rpp,0.0,0.0
SERt4pp,0.0,0.0
SERtex,0.0,0.0
SFGTHi,0.0,0.0
SGDS,0.0,0.0350259036708457
SGSAD,0.0,0.0350259036708457
PTRCabcpp,0.0,0.0
PTRCt2pp,0.0,0.0
PTRCtex,0.0,0.0
SHCHCS3,0.0,0.0
QMO3,0.0,0.0
SHCHD2,0.0,0.0001404899998078
SHCHF,0.0,0.0001404899998078
PUNP1,0.0,0.0
PUNP2,0.0,0.0
SHK3Dr,0.0,0.2625280223375345
QUIN2tex,0.0,0.0
SHKK,0.0,0.2625280223375345
SHSL1,0.0,0.0969639300003344
SKMt2pp,0.0,0.0
SKMtex,0.0,0.0
SLNTtex,0.0,0.0
PUNP3,0.0,0.0
PUNP4,0.0,0.0
PUNP5,0.0,0.0
PUNP6,0.0,0.0
QUIN2tpp,0.0,0.0
PUNP7,0.0,0.0
PYAM5PO,0.0,0.0
SLNTtpp,0.0,0.0
SO2tex,0.0,0.0
SO2tpp,0.0,0.0
SO3tex,0.0,0.0
SO4t2pp,0.0,0.1588923000005969
SO4tex,0.0,0.1588923000006161
PYDAMK,0.0,0.0
PYDAMtex,0.0,0.0
PYDAMtpp,0.0,0.0
PYDXK,0.0,0.0
PYDXNK,0.0,0.0
QUINDH,0.0,0.0
PYDXNtex,0.0,0.0
PYDXNtpp,0.0,0.0
SOTA,0.0,0.0350259036708457
SPMDAT1,0.0,0.0
SPMDAT2,0.0,0.0
QULNS,0.0,0.0014351399999981
SPMDabcpp,0.0,0.0
PYDXPP,0.0,0.0
R15BPK,0.0,14.412281972821404
SPMDt3pp,0.0,0.0
SPMDtex,0.0,0.0
R1PK,0.0,14.412281972821404
SPMS,0.0,0.0
SPODM,0.0,0.0
THMtex,0.0,0.0
THRA2,0.0,0.0
THRA,0.0,3.2439580817965608
SPODMpp,0.0,0.0
SSALx,0.0,0.0
THRD,0.0,0.0
R5PP,0.0,0.0
THRD_L,0.0,0.1830332699992141
THRPtex,0.0,0.0
THRS,0.0,3.586814161795583
THRTRS,0.0,0.0
THRabcpp,0.0,0.0
THRt2pp,0.0,0.0
SSALy,0.0,0.0
SUCASPtpp,0.0,0.0
SUCBZL,0.0,0.0
SUCBZS,0.0,0.0
SUCCt2_2pp,0.0,15.9
SUCCt2_3pp,0.0,0.0
SUCCt3pp,0.0,0.0
SUCCtex,0.0,15.9
SUCDi,0.0,16.42964644212617
SUCFUMtpp,0.0,0.0
SUCMALtpp,0.0,0.0
THRt2rpp,0.0,0.0
THRt4pp,0.0,0.0
THRtex,0.0,0.0
THYMt3pp,0.0,0.0
SUCOAS,0.0,0.3656877036706145
R5PPpp,0.0,0.0
SUCRtex,0.0,0.0
SUCTARTtpp,0.0,0.0
THYMtex,0.0,0.0
THZPSN3,0.0,0.0001404899998078
R5Ptex,0.0,0.0
TKT1,0.0,0.0375799732710839
SUCptspp,0.0,0.0
RBFK,0.0,0.0001404899998078
SULFACabcpp,0.0,0.0
TKT2,0.0,0.0
RBFSa,0.0,0.0005619599992314
TMAOR1,0.0,0.0
TMAOR1pp,0.0,0.0
TMAOR2,0.0,0.0
TMAOR2pp,0.0,0.0
TMAOtex,0.0,0.0
SULFACtex,0.0,0.0
SULR,0.0,0.156159360000597
SULabcpp,0.0,0.0
T2DECAI,0.0,0.0
TAGURr,0.0,0.0
TALA,0.0,0.0
TARTD,0.0,0.0
TARTRDtex,0.0,0.0
TMAtex,0.0,0.0
TMDK1,0.0,0.0
TMDPP,0.0,0.0
TMDS,0.0,0.0164845799997692
TARTRt7pp,0.0,0.0
TARTRtex,0.0,0.0
TMK,0.0,0.0
RBFSb,0.0,0.0002809799996157
TMPK,0.0,0.0001404899998078
TMPPP,0.0,0.0001404899998078
TARTt2_3pp,0.0,0.0
TAUDO,0.0,0.0
RBK,0.0,8.426357195389379
TAURabcpp,0.0,0.0
TAURtex,0.0,0.0
TPI,0.0,8.056335448009099
RBK_L1,0.0,0.0
TCYNTtex,0.0,0.0
TDP,0.0,0.0
TDPADGAT,0.0,0.0
TDPAGTA,0.0,0.0
TDPDRE,0.0,0.0
TDPDRR,0.0,0.0
TPRDCOAS,0.0,0.0
TRDR,0.0,0.0894211892359226
TRE6PH,0.0,0.0
TRE6PP,0.0,0.0
TDPGDH,0.0,0.0
TDSK,0.0,0.0122572799997442
TRE6PS,0.0,0.0
RBP4E,0.0,0.0
TREH,0.0,0.0
TREHpp,0.0,0.0
TREptspp,0.0,0.0
TDSR1,0.0,0.0
TDSR2,0.0,0.0
TGBPA,0.0,0.0
THD2pp,0.0,0.0
THDPS,0.0,0.2336978699999825
THFAT,0.0,0.0
THIORDXi,0.0,0.0
THMDt2pp_copy1,0.0,0.0
TREtex,0.0,0.0
TRPAS2,0.0,0.0
TRPS1,0.0,0.0
TRPS2,0.0,0.0
TRPS3,0.0,0.03581109
TRPTRS,0.0,0.0
THMDt2pp_copy2,0.0,0.0
THMDtex,0.0,0.0
TRPt2rpp,0.0,0.0
REPHACCOAI,0.0,0.0
TRPtex,0.0,0.0
TRSARr,0.0,0.0
TSULabcpp,0.0,0.0
TSULtex,0.0,0.0
TTDCAtexi,0.0,0.0
TTDCEAtexi,0.0,0.0
TTRCYCtex,0.0,0.0
THMabcpp,0.0,0.0
TYMtex,0.0,0.0
TYRL,0.0,0.0001404899998078
TYROXDApp,0.0,0.0
TYRPpp,0.0,0.0
TYRPtex,0.0,0.0
TYRTA,0.0,0.0
TYRTRS,0.0,0.0
TYRt2rpp,0.0,0.0
TYRtex,0.0,0.0
ThDPAT,0.0,0.0
U23GAAT,0.0,0.0245145599994876
UAAGDS,0.0,0.01750644
UACGALPpp,0.0,0.0
TTRCYCtpp,0.0,0.0
TUNGSabcpp,0.0,0.0
TUNGStex,0.0,0.0
URIH,0.0,0.0
URIK2,0.0,0.0
UACGAMPpp,0.0,0.0
UACGAMtex,0.0,0.0
URIt2pp_copy1,0.0,0.0
UACMAMO,0.0,0.0
UAG2E,0.0,0.0
UAGAAT,0.0,0.0245145599994884
URIt2pp_copy2,0.0,0.0
URItex,0.0,0.0
USHD,0.0,0.0122572799997456
UAGCVT,0.0,0.01750644
VALTA,0.0,5.196646111316503
UAGDP,0.0,0.0595274399994884
RFAMPtex,0.0,0.0
UAGPT3,0.0,0.01750644
UAMAGS,0.0,0.01750644
UAMAS,0.0,0.01750644
VALTRS,0.0,0.0
VALabcpp,0.0,0.0
VALt2rpp,0.0,0.0
VALtex,0.0,0.0
RFAMPtpp,0.0,0.0
VPAMTr,0.0,5.463238171316503
WCOS,0.0,0.0
UAPGR,0.0,0.01750644
UDCPDP,0.0,0.01750644
UDCPDPS,0.0,3.464999995261344e-05
X5PL3E,0.0,0.0
RHAT1,0.0,0.0
XAND,0.0,0.0
XANt2pp,0.0,0.0
UDCPDPpp,0.0,0.0
UDCPPtppi,0.0,0.0
RHCCE,0.0,0.000282239999614
UDPACGALtex,0.0,0.0
UDPG4E,0.0,0.0
UDPGALM,0.0,0.0
UDPGALPpp,0.0,0.0
UDPGALtex,0.0,0.0
XANtex,0.0,0.0
XANtpp,0.0,0.0
XMPtex,0.0,0.0
XPPT,0.0,0.1535410799994235
XTSNH,0.0,8.272816115389956
XTSNt2rpp,0.0,0.0
XTSNtex,0.0,0.0
XYLI1,0.0,0.0
XYLI2,0.0,11.614000000000036
RIBabcpp,0.0,0.0
XYLK,0.0,0.0
XYLK2,0.0,0.0
UDPGD,0.0,0.0
RIBtex,0.0,0.0
UDPGDC,0.0,0.0
UDPGLCURtex,0.0,0.0
XYLUt2pp,0.0,0.0
UDPGPpp,0.0,0.0
XYLUtex,0.0,0.0
RMI,0.0,0.0
XYLabcpp,0.0,0.0
XYLt2pp,0.0,0.0
UDPGtex,0.0,0.0
UDPKAAT,0.0,0.0
XYLtex,0.0,0.0
ZN2abcpp,0.0,0.0
UGLCURPpp,0.0,0.0
RMK,0.0,0.0
UGLT,0.0,1.9600000000000364
ZN2t3pp,0.0,0.0
ZN2tpp,0.0,0.00021483
ZNabcpp,0.0,0.0
Zn2tex,0.0,0.00021483
UGLYCH,0.0,0.0
UGMDDS,0.0,0.01750644
UHGADA,0.0,0.0245145599994876
ULA4NFT,0.0,0.0
RMNtex,0.0,0.0
ULA4Ntppi,0.0,0.0
UM3PL,0.0,0.0
UM4PCP,0.0,0.0
UM4PL,0.0,0.0
UMPK,0.0,0.2605751792356666
UMPtex,0.0,0.0
UPLA4FNF,0.0,0.0
RMNtpp,0.0,0.0
UPLA4FNT,0.0,0.0
UPP3MT,0.0,0.0001404899998078
UPP3S,0.0,0.000280979999747
RMPA,0.0,0.0
UPPDC1,0.0,0.0001404899999391
UPPRT,0.0,0.022410609236152
RNDR1,0.0,0.01648458
URACPAH,0.0,0.0
URAt2pp_copy1,0.0,0.0
RNDR1b,0.0,0.0
URAt2pp_copy2,0.0,0.0
URAtex,0.0,0.0
RNDR2,0.0,0.0170207100000001
URDGLYCD,0.0,0.0
UREAtex,0.0,0.0
RNDR2b,0.0,0.0
UREAtpp,0.0,0.0
RNDR3,0.0,0.0559158992359227
RNDR3b,0.0,0.0
RNDR4,0.0,0.0
RNDR4b,0.0,0.0
RNTR1c2,0.0,0.0
RNTR2c2,0.0,0.0
RNTR3c2,0.0,0.0
FUM_SEC,0.0,0.0
EX_co2_e_rev,0.0,0.0
EX_cobalt2_e_rev,0.0,1.575e-05
EX_glc__D_e_rev,0.0,9.654
EX_glcn_e_rev,0.0,7.28
EX_glyc_e_rev,0.0,4.94
EX_h_e_rev,0.0,0.0
EX_h2o_e_rev,0.0,0.0
EX_k_e_rev,0.0,0.12297159
EX_ac_e_rev,0.0,0.0
EX_cu2_e_rev,0.0,0.0004466699999738
EX_mg2_e_rev,0.0,0.0054652500000429
EX_mn2_e_rev,0.0,0.0004353299999593
EX_mobd_e_rev,0.0,8.12700000096811e-05
EX_na1_e_rev,0.0,0.0
EX_nh4_e_rev,0.0,6.8269421723374535
EX_ca2_e_rev,0.0,0.0032791500000257
EX_cbl1_e_rev,0.0,0.0
EX_ni2_e_rev,0.0,0.0002034899999898
EX_o2_e_rev,0.0,36.27336456493549
EX_cl_e_rev,0.0,0.0032791500000257
EX_pi_e_rev,0.0,0.607717529997899
EX_zn2_e_rev,0.0,0.0002148300000044
EX_pyr_e_rev,0.0,26.71
EX_sel_e_rev,0.0,0.0
12PPDRtex_rev,0.0,0.0
12PPDRtpp_rev,0.0,0.0
12PPDStex_rev,0.0,0.0
12PPDStpp_rev,0.0,0.0
EX_slnt_e_rev,0.0,0.0
EX_so4_e_rev,0.0,0.1588923000006161
EX_succ_e_rev,0.0,15.9
23CAMPtex_rev,0.0,0.0
23CCMPtex_rev,0.0,0.0
23CGMPtex_rev,0.0,0.0
23CUMPtex_rev,0.0,0.0
23DAPPAtex_rev,0.0,0.0
26DAHtex_rev,0.0,0.0
EX_tungs_e_rev,0.0,0.0
34dhpactex_rev,0.0,0.0
EX_fe2_e_rev,0.0,0.010118430000034
3AMPtex_rev,0.0,0.0
3CMPtex_rev,0.0,0.0
3GMPtex_rev,0.0,0.0
EX_fe3_e_rev,0.0,0.0
5MTRtex_rev,0.0,0.0
A5PISO_rev,0.0,0.0
ABUTtex_rev,0.0,0.0
3HPPtex_rev,0.0,0.0
ACACT1r_rev,0.0,0.0
ACACT2r_rev,0.0,0.0
ACACT3r_rev,0.0,0.0
ACACT4r_rev,0.0,0.0
ACACT5r_rev,0.0,0.0
ACACT6r_rev,0.0,0.0
EX_fru_e_rev,0.0,8.32
3OAR100_rev,0.0,0.0
ACACT7r_rev,0.0,0.0
ACACT8r_rev,0.0,0.0
ACACt2pp_rev,0.0,0.0
ACACtex_rev,0.0,0.0
3OAR120_rev,0.0,0.0
3OAR140_rev,0.0,0.0
ACALD_rev,0.0,7.877274526935362
3OAR160_rev,0.0,0.0
ACALDtex_rev,0.0,0.0
ACALDtpp_rev,0.0,0.0
3OAR180_rev,0.0,0.0
3OAR40_rev,0.0,0.0
3OAR60_rev,0.0,0.0
3OAR80_rev,0.0,0.0
ACGAL1Ptex_rev,0.0,0.0
ACGALtex_rev,0.0,0.0
ACGAM1Ptex_rev,0.0,0.0
ACGAtex_rev,0.0,0.0
ACKr_rev,0.0,53.22701750499817
EX_gal_e_rev,0.0,1.96
ACMANAtex_rev,0.0,0.0
3PEPTtex_rev,0.0,0.0
3UMPtex_rev,0.0,0.0
ACNAMtex_rev,0.0,0.0
ACOAD1f_rev,0.0,0.0
4HOXPACDtex_rev,0.0,0.0
ACOAD2f_rev,0.0,0.0
ACOAD3f_rev,0.0,0.0
ACOAD4f_rev,0.0,0.0
ACOAD5f_rev,0.0,0.0
4PEPTtex_rev,0.0,0.0
5DGLCNR_rev,0.0,6.794195513290135
ACOAD6f_rev,0.0,0.0
ACOAD7f_rev,0.0,0.0804056399995515
ACOAD8f_rev,0.0,0.0
ACOATA_rev,0.0,0.0
5DGLCNt2rpp_rev,0.0,0.0
5DGLCNtex_rev,0.0,0.0
ACONIs_rev,0.0,0.0
ACONTa_rev,0.0,0.0
ACONTb_rev,0.0,0.0
ACOTA_rev,0.0,0.2213748636708458
AGMtex_rev,0.0,0.0
ACSERtex_rev,0.0,0.0
AGPR_rev,0.0,0.3606395136708186
ACt2rpp_rev,0.0,64.91197415663692
ACtex_rev,0.0,64.91197415663692
AICART_rev,0.0,0.0
AIRC3_rev,0.0,0.2822494500005266
AKGt2rpp_rev,0.0,0.0
AKGtex_rev,0.0,0.0
ADEt2rpp_rev,0.0,0.0
ADEtex_rev,0.0,0.0
ADK1_rev,0.0,0.0
ADK3_rev,0.0,1.842148986885561
ADK4_rev,0.0,0.0
ALAALAr_rev,0.0,0.0
ALAALAtex_rev,0.0,0.0
ALAGLUE_rev,0.0,0.0
ALAR_rev,0.0,0.0
ADNt2pp_copy2_rev,0.0,0.0
ADNtex_rev,0.0,0.0
ALATA_L_rev,0.0,5.8294924513166935
ALAt2pp_copy2_rev,0.0,0.0
ALAtex_rev,0.0,0.0
ALCD19_rev,0.0,0.0
ALCD2x_rev,0.0,0.0
ADSL1r_rev,0.0,0.0
ADSL2r_rev,0.0,0.0
ALDD19xr_rev,0.0,0.0
AMANAPEr_rev,0.0,0.0
ALLPI_rev,0.0,0.0
ALLTNt2rpp_rev,0.0,0.0
ALLTNtex_rev,0.0,0.0
ALLULPE_rev,0.0,0.0
AMAOTr_rev,0.0,0.0
ALLtex_rev,0.0,0.0
ASCBtex_rev,0.0,0.0
ASNt2rpp_rev,0.0,0.0
ASNtex_rev,0.0,0.0
ASO3tex_rev,0.0,0.0
AMPtex_rev,0.0,0.0
ANHGMtex_rev,0.0,0.0
ASPK_rev,0.0,0.0
ASPTA_rev,0.0,5.123421755468607
CAt6pp_rev,0.0,0.00327915
CBIAT_rev,0.0,0.0
CBLAT_rev,0.0,0.0
CBMKr_rev,0.0,0.0
ASPt2pp_copy2_rev,0.0,0.0
ASPtex_rev,0.0,0.0
ATHRDHr_rev,0.0,0.0
CD2tex_rev,0.0,0.0
ATPS4rpp_rev,0.0,0.0
BALAtex_rev,0.0,0.0
BTNtex_rev,0.0,0.0
BUTSO3tex_rev,0.0,0.0
CGLYtex_rev,0.0,0.0
CHLtex_rev,0.0,0.0
BUTt2rpp_rev,0.0,0.0
BUTtex_rev,0.0,0.0
CA2tex_rev,0.0,0.0
CHTBStex_rev,0.0,0.0
CITtex_rev,0.0,0.0
CLtex_rev,0.0,0.0
CMPtex_rev,0.0,0.0
CMtex_rev,0.0,0.0
CO2tex_rev,0.0,37.67590757146877
CO2tpp_rev,0.0,37.67590757146877
COBALT2tex_rev,0.0,0.0
CLPNS120pp_rev,0.0,0.0
CLPNS140pp_rev,0.0,0.0
CLPNS141pp_rev,0.0,0.0
CLPNS160pp_rev,0.0,0.0
CLPNS161pp_rev,0.0,0.0
CLPNS180pp_rev,0.0,0.0
CLPNS181pp_rev,0.0,0.0
APPLDHr_rev,0.0,0.0
CYANtex_rev,0.0,0.0
CYNTtex_rev,0.0,0.0
CYSDtex_rev,0.0,0.0
CRNBTCT_rev,0.0,0.0
CRNCAR_rev,0.0,0.0
CRNCBCT_rev,0.0,0.0
CRNCDH_rev,0.0,0.0
ARAI_rev,0.0,0.0
CYStex_rev,0.0,0.0
CRNDt2rpp_rev,0.0,0.0
CRNDtex_rev,0.0,0.0
CRNt2rpp_rev,0.0,0.0
CRNtex_rev,0.0,0.0
CYTDt2pp_copy2_rev,0.0,0.0
CYTDtex_rev,0.0,0.0
CSNtex_rev,0.0,0.0
CYTK1_rev,0.0,0.0
CYTK2_rev,0.0,0.0
D_LACt2pp_rev,0.0,0.0
D_LACtex_rev,0.0,0.0
CTBTt2rpp_rev,0.0,0.0
CTECOAI6_rev,0.0,0.1751752799990851
CTECOAI7_rev,0.0,0.0
CTECOAI8_rev,0.0,0.0
DADK_rev,0.0,0.0
DADNtex_rev,0.0,0.0
CU2tex_rev,0.0,0.0
CUtex_rev,0.0,0.0
DALAtex_rev,0.0,0.0
DAMPtex_rev,0.0,0.0
DCYTtex_rev,0.0,0.0
DAPE_rev,0.0,0.0
DDGLCNt2rpp_rev,0.0,0.0
DDGLCNtex_rev,0.0,0.0
DAPtex_rev,0.0,0.0
DDPGALA_rev,0.0,0.0
DGK1_rev,0.0,0.0
DGMPtex_rev,0.0,0.0
DGSNtex_rev,0.0,0.0
DHACOAH_rev,0.0,0.0
DCAtex_rev,0.0,0.0
DHAtex_rev,0.0,16.481605766197013
DHAtpp_rev,0.0,16.481605766197013
DHBD_rev,0.0,0.0
DCMPtex_rev,0.0,0.0
ARBt2rpp_rev,0.0,0.0
DHFR_rev,0.0,0.0
ARBtex_rev,0.0,0.0
ARGAGMt7pp_rev,0.0,0.0
DHNPA2r_rev,0.0,0.0
DOPAtex_rev,0.0,0.0
DHNPTE_rev,0.0,0.0
DOXRBCNtex_rev,0.0,0.0
ARGORNt7pp_rev,0.0,0.0
DHORTS_rev,0.0,0.2084008499997689
ARGSL_rev,0.0,0.0
DHPTPE_rev,0.0,0.0
DSERDHr_rev,0.0,0.0
DSERtex_rev,0.0,0.0
DIMPtex_rev,0.0,0.0
DTMPK_rev,0.0,0.0
DINStex_rev,0.0,0.0
DTMPtex_rev,0.0,0.0
DUMPtex_rev,0.0,0.0
DURADx_rev,0.0,0.0
DURIPP_rev,0.0,0.0
DURItex_rev,0.0,0.0
ARGtex_rev,0.0,0.0
E4PD_rev,0.0,0.0
ASAD_rev,0.0,3.9174759617958985
DMSOtex_rev,0.0,0.0
DMSOtpp_rev,0.0,0.0
DMStex_rev,0.0,0.0
ECOAH5_rev,0.0,0.0
ECOAH6_rev,0.0,0.0
ECOAH7_rev,0.0,0.0
ECOAH8_rev,0.0,0.0
FCLPA_rev,0.0,0.0
ENO_rev,0.0,0.0
ECOAH1_rev,0.0,0.0
ECOAH2_rev,0.0,0.0
ECOAH3_rev,0.0,0.0
ETHAtex_rev,0.0,0.0
ETHSO3tex_rev,0.0,0.0
ECOAH4_rev,0.0,0.0
ETOHtex_rev,0.0,0.0
ETOHtrpp_rev,0.0,0.0
F6PA_rev,0.0,0.0
F6Ptex_rev,0.0,0.0
FORCT_rev,0.0,0.0
FORtex_rev,0.0,38.06186308594737
FRULYSDG_rev,0.0,0.0
FRULYSE_rev,0.0,0.0
FRULYStex_rev,0.0,0.0
FRUURt2rpp_rev,0.0,0.0
FRUURtex_rev,0.0,0.0
FRUtex_rev,0.0,0.0
FUCtex_rev,0.0,0.0
FUCtpp_rev,0.0,0.0
FUM_rev,0.0,0.0
FUMtex_rev,0.0,0.0
FUSAtex_rev,0.0,0.0
G1Ptex_rev,0.0,0.0
G1SAT_rev,0.0,0.0
FALDH2_rev,0.0,0.0
FALDtex_rev,0.0,0.0
FALDtpp_rev,0.0,0.0
FALGTHLs_rev,0.0,0.0
G3PCtex_rev,0.0,0.0
G3PD2_rev,0.0,0.0
FBA_rev,0.0,0.0
FBA3_rev,0.0,0.0
G3PEtex_rev,0.0,0.0
G3PGtex_rev,0.0,0.0
G3PItex_rev,0.0,0.0
FCI_rev,0.0,0.0
G3PStex_rev,0.0,0.0
GHBDHx_rev,0.0,0.0
GHMT2r_rev,0.0,2.5756062017962265
FE2tex_rev,0.0,0.0
GK1_rev,0.0,0.0
GLCATr_rev,0.0,0.0
G6PDH2r_rev,0.0,0.0
G6Ptex_rev,0.0,0.0
GLCNt2rpp_rev,0.0,0.0
GAL1Ptex_rev,0.0,0.0
GALBDtex_rev,0.0,0.0
GLCNtex_rev,0.0,0.0
GALCTNLtex_rev,0.0,0.0
GALCTNtex_rev,0.0,0.0
GALCTt2rpp_rev,0.0,0.0
GLCRt2rpp_rev,0.0,0.0
GALCTtex_rev,0.0,0.0
GALKr_rev,0.0,0.0
GLCRtex_rev,0.0,0.0
GLCUR1Ptex_rev,0.0,0.0
GALTtex_rev,0.0,0.0
GLCURt2rpp_rev,0.0,0.0
GLCURtex_rev,0.0,0.0
GALURt2rpp_rev,0.0,0.0
GALURtex_rev,0.0,0.0
GLCtex_copy1_rev,0.0,0.0
GLNtex_rev,0.0,0.0
GLTPD_rev,0.0,0.0
GLUABUTt7pp_rev,0.0,0.0
GALtex_rev,0.0,0.0
GAMAN6Ptex_rev,0.0,0.0
GAMtex_rev,0.0,0.0
GAPD_rev,0.0,0.0
GLUDy_rev,0.0,7.606534087804201
GLUR_rev,0.0,0.01750644
GARFT_rev,0.0,0.0
GBBTNtex_rev,0.0,0.0
GLUt2rpp_rev,0.0,0.0
GLUtex_rev,0.0,0.0
GLYALDtex_rev,0.0,0.0
GLYALDtpp_rev,0.0,0.0
GDPtex_rev,0.0,0.0
FE3tex_rev,0.0,0.0
GGGABADr_rev,0.0,0.0
GLYAT_rev,0.0,0.0
GLYBtex_rev,0.0,0.0
GLYC2Ptex_rev,0.0,0.0
GLYC3Ptex_rev,0.0,0.0
GLYCAt2rpp_rev,0.0,0.0
GLYCAtex_rev,0.0,0.0
GTPtex_rev,0.0,0.0
GUAtex_rev,0.0,0.0
GUAtpp_rev,0.0,0.0
GUI1_rev,0.0,0.0
GUI2_rev,0.0,0.0
H2O2tex_rev,0.0,0.0
H2Otex_rev,0.0,16.756174153148436
H2Otpp_rev,0.0,30.81502029728904
GLYCLTt2rpp_rev,0.0,0.00327915
GLYCLTtex_rev,0.0,0.0
GLYCtex_rev,0.0,0.0
GLYCtpp_rev,0.0,11.969423072070304
H2Stex_rev,0.0,0.0
H2tex_rev,0.0,0.0
H2tpp_rev,0.0,0.0
HACD1_rev,0.0,0.0
HACD2_rev,0.0,0.0
HACD3_rev,0.0,0.0
HACD4_rev,0.0,0.0
HACD5_rev,0.0,0.0
HACD6_rev,0.0,0.0
GLYt2pp_copy2_rev,0.0,0.0
HACD7_rev,0.0,0.0
HACD8_rev,0.0,0.0
HADPCOADH3_rev,0.0,0.0
HCINNMt2rpp_rev,0.0,0.0
HCINNMtex_rev,0.0,0.0
HCO3E_rev,0.0,0.0
GLYtex_rev,0.0,0.0
GMPtex_rev,0.0,0.0
HEXt2rpp_rev,0.0,0.0
HG2tex_rev,0.0,0.0
HISt2rpp_rev,0.0,0.0
HIStex_rev,0.0,0.0
HOMtex_rev,0.0,0.0
GSNtex_rev,0.0,0.0
GTHOXtex_rev,0.0,0.0
GTHOr_rev,0.0,0.0
HPPPNt2rpp_rev,0.0,0.0
HPPPNtex_rev,0.0,0.0
HPYRI_rev,0.0,65.9004899180365
HSDy_rev,0.0,3.6837780917959178
GTHRDtex_rev,0.0,0.0
INStex_rev,0.0,0.0
IPDDI_rev,0.0,0.0
HXAtex_rev,0.0,0.0
IPPMIa_rev,0.0,0.2838345300000355
IPPMIb_rev,0.0,0.2838345300000355
ISETACtex_rev,0.0,0.0
KARA1_rev,0.0,0.5507894700004885
KARA2_rev,0.0,0.0
HYXNtex_rev,0.0,0.0
HYXNtpp_rev,0.0,0.0
Htex_rev,0.0,49.78904196820645
Ktex_rev,0.0,0.0
ICDHyr_rev,0.0,0.0
ICHORS_copy1_rev,0.0,0.0
IDOND_rev,0.0,0.0
IDONt2rpp_rev,0.0,6.794195513290135
L_LACt2rpp_rev,0.0,0.0
L_LACtex_rev,0.0,0.0
LALADGLUtex_rev,0.0,0.0
IDONtex_rev,0.0,6.794195513290135
LIPOtex_rev,0.0,0.0
LALALGLUtex_rev,0.0,0.0
ILETA_rev,0.0,0.1830332699992141
ILEt2rpp_rev,0.0,0.0
ILEtex_rev,0.0,0.0
IMPC_rev,0.0,0.3419343900005376
LCARR_rev,0.0,0.0
LCARS_rev,0.0,0.0
IMPtex_rev,0.0,0.0
INDOLEt2rpp_rev,0.0,0.0
INDOLEtex_rev,0.0,0.0
INSTtex_rev,0.0,0.0
LCTStex_rev,0.0,0.0
LCTStpp_rev,0.0,0.0
LDH_D_rev,0.0,0.0
INSt2pp_copy2_rev,0.0,0.0
LEUt2rpp_rev,0.0,0.0
LEUtex_rev,0.0,0.0
LYStex_rev,0.0,0.0
LYXtex_rev,0.0,0.0
M1PD_rev,0.0,0.0
MALDtex_rev,0.0,0.0
MALTATr_rev,0.0,0.0
MELIBtex_rev,0.0,0.0
MEOHtex_rev,0.0,1.2599999982768523e-06
MEOHtrpp_rev,0.0,1.2599999982768523e-06
METDtex_rev,0.0,0.0
METSOX1tex_rev,0.0,0.0
MALtex_rev,0.0,0.0
MAN6PI_rev,0.0,0.0
METSOX2tex_rev,0.0,0.0
MAN6Ptex_rev,0.0,0.0
MANAO_rev,0.0,0.0
MANGLYCtex_rev,0.0,0.0
METtex_rev,0.0,0.0
MANtex_rev,0.0,0.0
MG2t3_2pp_rev,0.0,0.0
MG2tex_rev,0.0,0.0
MCITL2_rev,0.0,0.0
MICITDr_rev,0.0,0.0
MCOATA_rev,0.0,0.0
MINCYCtex_rev,0.0,0.0
MDH_rev,0.0,0.0
MLTP1_rev,0.0,0.0
MLTP2_rev,0.0,0.0
MLTP3_rev,0.0,3.861602282022412
MMETtex_rev,0.0,0.0
MOBDtex_rev,0.0,0.0
MOX_rev,0.0,0.0
MNLtex_rev,0.0,0.0
MNtex_rev,0.0,0.0
NDPK6_rev,0.0,0.0
NDPK7_rev,0.0,0.0
NDPK8_rev,0.0,0.0
NH4tex_rev,0.0,0.0
NH4tpp_rev,0.0,0.0
MSO3tex_rev,0.0,0.0
MTHFC_rev,0.0,2.6898403217958213
MTHFD_rev,0.0,2.689840321796013
N2Otex_rev,0.0,0.0
NI2tex_rev,0.0,0.0
N2Otpp_rev,0.0,0.0
NACtex_rev,0.0,0.0
NMNtex_rev,0.0,0.0
NNATr_rev,0.0,0.0
NO2t2rpp_rev,0.0,0.0
NO2tex_rev,0.0,0.0
NO3tex_rev,0.0,0.0
NAtex_rev,0.0,0.0
NDPK1_rev,0.0,0.0
NDPK2_rev,0.0,0.0
NOVBCNtex_rev,0.0,0.0
NOtex_rev,0.0,0.0
NDPK3_rev,0.0,0.0
NOtpp_rev,0.0,0.0
NDPK4_rev,0.0,0.0
NDPK5_rev,0.0,0.0
ORNtex_rev,0.0,0.0
OROTtex_rev,0.0,0.0
ORPT_rev,0.0,0.2084008499997689
PACALDt2rpp_rev,0.0,0.0
PACALDtex_rev,0.0,0.0
O2Stex_rev,0.0,0.0
O2tex_rev,0.0,0.0
O2tpp_rev,0.0,0.0
OCBT_rev,0.0,0.0
OCTAtex_rev,0.0,0.0
OHPBAT_rev,0.0,0.0
PEAMNtex_rev,0.0,0.0
PGAMT_rev,0.0,0.0595274399994884
PGI_rev,0.0,0.0
PGK_rev,0.0,27.574746552386543
PGM_rev,0.0,27.57474655238655
PGMT_rev,0.0,1.901602282022376
PERD_rev,0.0,9.999999974752427e-07
LSERDHr_rev,0.0,0.0
PHETA1_rev,0.0,0.1167169499997271
PMANM_rev,0.0,0.0
PHEt2rpp_rev,0.0,0.0
PHEtex_rev,0.0,0.0
PIt2rpp_rev,0.0,0.0
PItex_rev,0.0,0.0
PNTOtex_rev,0.0,0.0
POR5_rev,0.0,2.050684619548649
PPAKr_rev,0.0,0.0
PPALtex_rev,0.0,0.0
PPALtpp_rev,0.0,0.0
PPAtex_rev,0.0,0.0
PYDXtex_rev,0.0,0.0
PPK2_rev,0.0,0.0
PPK_rev,0.0,1000.0
PPM_rev,0.0,22.68509808821136
PPM2_rev,0.0,0.0
PPPNt2rpp_rev,0.0,0.0
PPPNtex_rev,0.0,0.0
PPTtex_rev,0.0,0.0
PRAGSr_rev,0.0,0.0
PRMICI_rev,0.0,0.0
PROGLYtex_rev,0.0,0.0
PROt2rpp_rev,0.0,0.0
PROtex_rev,0.0,0.0
PRPPS_rev,0.0,13.648184333586292
PSCLYStex_rev,0.0,0.0
PSCVT_rev,0.0,0.0
RPE_rev,0.0,0.1875085657951744
RPI_rev,0.0,0.6481365325067716
PYNP2r_rev,0.0,0.0
SBTPD_rev,0.0,0.0
SBTtex_rev,0.0,0.0
SDPTA_rev,0.0,0.2336978699999825
PSERtex_rev,0.0,0.0
PYRt2rpp_rev,0.0,0.0
SELtex_rev,0.0,0.0
SERASr_rev,0.0,0.0
PYRtex_rev,0.0,0.0
SERAT_rev,0.0,0.0
PTAr_rev,0.0,0.0
PTRCORNt7pp_rev,0.0,0.0
SERt2rpp_rev,0.0,0.0
SERtex_rev,0.0,0.0
PTRCtex_rev,0.0,0.0
PUNP1_rev,0.0,0.0
PUNP2_rev,0.0,0.0
SHK3Dr_rev,0.0,0.0
QUIN2tex_rev,0.0,0.0
SKMtex_rev,0.0,0.0
SLNTtex_rev,0.0,0.0
PUNP3_rev,0.0,0.0
PUNP4_rev,0.0,0.0
PUNP5_rev,0.0,0.0
PUNP6_rev,0.0,0.0
QUIN2tpp_rev,0.0,0.0
PUNP7_rev,0.0,8.272816115389956
SO2tex_rev,0.0,0.0
SO2tpp_rev,0.0,0.0
SO3tex_rev,0.0,0.0
SO4tex_rev,0.0,0.0
PYDAMtex_rev,0.0,0.0
QUINDH_rev,0.0,0.0
PYDXNtex_rev,0.0,0.0
SPMDtex_rev,0.0,0.0
THMtex_rev,0.0,0.0
THRPtex_rev,0.0,0.0
SUCCtex_rev,0.0,0.0
THRt2rpp_rev,0.0,0.0
THRtex_rev,0.0,0.0
SUCOAS_rev,0.0,0.0
SUCRtex_rev,0.0,0.0
THYMtex_rev,0.0,0.0
R5Ptex_rev,0.0,0.0
TKT1_rev,0.0,0.0
TKT2_rev,0.0,0.225088539066256
TMAOtex_rev,0.0,0.0
SULFACtex_rev,0.0,0.0
T2DECAI_rev,0.0,0.0
TAGURr_rev,0.0,0.0
TALA_rev,0.0,0.141908171743026
TARTRDtex_rev,0.0,0.0
TMAtex_rev,0.0,0.0
TMDPP_rev,0.0,0.0
TARTRt7pp_rev,0.0,0.0
TARTRtex_rev,0.0,0.0
TAURtex_rev,0.0,0.0
TPI_rev,0.0,0.0
TCYNTtex_rev,0.0,0.0
RBP4E_rev,0.0,0.0
TGBPA_rev,0.0,0.0
TREtex_rev,0.0,0.0
TRPAS2_rev,0.0,0.03581109
THMDt2pp_copy2_rev,0.0,0.0
THMDtex_rev,0.0,0.0
TRPt2rpp_rev,0.0,0.0
REPHACCOAI_rev,0.0,0.0
TRPtex_rev,0.0,0.0
TRSARr_rev,0.0,65.9004899180365
TSULtex_rev,0.0,0.0
TTRCYCtex_rev,0.0,0.0
TYMtex_rev,0.0,0.0
TYRPtex_rev,0.0,0.0
TYRTA_rev,0.0,0.1094380223385758
TYRt2rpp_rev,0.0,0.0224230523385758
TYRtex_rev,0.0,0.0224230523385758
TUNGStex_rev,0.0,0.0
UACGAMtex_rev,0.0,0.0
UAG2E_rev,0.0,0.0
UAGAAT_rev,0.0,0.0
URIt2pp_copy2_rev,0.0,0.0
URItex_rev,0.0,0.0
VALTA_rev,0.0,0.0
RFAMPtex_rev,0.0,0.0
VALt2rpp_rev,0.0,0.0
VALtex_rev,0.0,0.0
VPAMTr_rev,0.0,0.0
UDPACGALtex_rev,0.0,0.0
UDPG4E_rev,0.0,1.9600000000000364
UDPGALtex_rev,0.0,0.0
XANtex_rev,0.0,0.0
XANtpp_rev,0.0,0.0
XMPtex_rev,0.0,0.0
XTSNt2rpp_rev,0.0,0.0
XTSNtex_rev,0.0,0.0
XYLI1_rev,0.0,0.0
XYLI2_rev,0.0,0.0
RIBtex_rev,0.0,0.0
UDPGLCURtex_rev,0.0,0.0
XYLUtex_rev,0.0,0.0
RMI_rev,0.0,0.0
UDPGtex_rev,0.0,0.0
UDPKAAT_rev,0.0,0.0
XYLtex_rev,0.0,0.0
UGLT_rev,0.0,0.0
Zn2tex_rev,0.0,0.0
RMNtex_rev,0.0,0.0
UMPK_rev,0.0,0.0
UMPtex_rev,0.0,0.0
RMPA_rev,0.0,0.0
URAt2pp_copy2_rev,0.0,0.0
URAtex_rev,0.0,0.0
UREAtex_rev,0.0,0.0
UREAtpp_rev,0.0,0.0
FUM_SEC_rev,0.0,0.0
R_TM_adp_c_sink,0.0,1143.7289486452678
R_TM_amp_c_sink,0.0,62.7655843613389
R_TM_atp_c_sink,0.0,1151.9487161109332
R_TM_glu__L_c_sink,0.0,14.51865195205627
R_TM_gln__L_c_sink,0.0,1.8112107455939703
R_TM_asn__L_c_sink,0.0,0.075932325
R_TM_asp__L_c_sink,0.0,5.047489430468607
R_TM_tyr__L_c_sink,0.0,0.0547892561691918
R_TM_arg__L_c_sink,0.0,0.1282003836708458
R_TM_ade_c_sink,0.0,0.0004239899994201
R_TM_phe__L_c_sink,0.0,0.0583584749998635
R_TM_gdp_c_sink,0.0,1.859169696885561
R_TM_gmp_c_sink,0.0,0.1535410799994235
R_TM_gtp_c_sink,0.0,1.8793887698957377
R_TM_nad_c_sink,0.0,122.7313076567054
R_TM_nadh_c_sink,0.0,109.99937953212309
R_TM_nadp_c_sink,0.0,33.803318185775105
R_TM_nadph_c_sink,0.0,23.953326537967676
R_TM_13dpg_c_sink,0.0,27.574746552386543
R_TM_2ddg6p_c_sink,0.0,0.0001
R_TM_f6p_c_sink,0.0,19.68805634992288
R_TM_dhap_c_sink,0.0,8.057770588009099
R_TM_g6p_c_sink,0.0,1.901602282022376
R_TM_6pgc_c_sink,0.0,0.4858044867100647
R_TM_pep_c_sink,0.0,44.82764902398164
R_TM_pyr_c_sink,0.0,78.7801348122984
R_TM_fdp_c_sink,0.0,3.025870082994249
R_TM_e4p_c_sink,0.0,0.4045766840803684
R_TM_r5p_c_sink,0.0,22.722678061482444
R_TM_ru5p__D_c_sink,0.0,0.6732130525054916
R_TM_s7p_c_sink,0.0,0.17948814501411
R_TM_xu5p__D_c_sink,0.0,0.2250885390662584
R_TM_cit_c_sink,0.0,1.2070174021240154
R_TM_akg_c_sink,0.0,12.838206102791824
R_TM_fum_c_sink,0.0,17.121664065798655
R_TM_icit_c_sink,0.0,1.2070174021240154
R_TM_mal__L_c_sink,0.0,17.651731977923497
R_TM_camp_c_sink,0.0,0.0003274999991731
R_TM_f1p_c_sink,0.0,0.2459436500771585
R_TM_gal1p_c_sink,0.0,1.9600000000000364
R_TM_glyc3p_c_sink,0.0,18.998846144140888
